dataset,contrast,seed,gamma,n_cal_59_80,n_target_59_80,censoring_model_59_80,L_dir_59_80,U_dir_59_80,L_sep_59_80,U_sep_59_80,W_dir_59_80,W_sep_59_80,ID_width_ratio_59_80,dir_pointwise_lower_59_80,dir_pointwise_upper_59_80,sep_pointwise_lower_59_80,sep_pointwise_upper_59_80,dir_sim_lower_59_80,dir_sim_upper_59_80,sep_sim_lower_59_80,sep_sim_upper_59_80,BandWidth_dir_59_80,BandWidth_sep_59_80,band_ratio_59_80,action_dir_59_80,action_sep_59_80,direct_sim_critical_59_80,separate_sim_critical_59_80,bootstrap_requested_59_80,bootstrap_valid_59_80,n_cal_60_80,n_target_60_80,censoring_model_60_80,L_dir_60_80,U_dir_60_80,L_sep_60_80,U_sep_60_80,W_dir_60_80,W_sep_60_80,ID_width_ratio_60_80,dir_pointwise_lower_60_80,dir_pointwise_upper_60_80,sep_pointwise_lower_60_80,sep_pointwise_upper_60_80,dir_sim_lower_60_80,dir_sim_upper_60_80,sep_sim_lower_60_80,sep_sim_upper_60_80,BandWidth_dir_60_80,BandWidth_sep_60_80,band_ratio_60_80,action_dir_60_80,action_sep_60_80,direct_sim_critical_60_80,separate_sim_critical_60_80,bootstrap_requested_60_80,bootstrap_valid_60_80,direct_action_changed,separate_action_changed
NSCLC-VA,InductiveSparsePCA,62,0.0,114,80,"unpenalized Cox PH for censoring, H=Z=(q0,q1), Breslow baseline",-0.0113010436283073,-0.0113010436283073,-0.0113010436283073,-0.0113010436283073,0.0,0.0,inf,-0.0373564487220825,0.0147543614654677,-0.0373564487220825,0.0147543614654677,-0.0442340885228846,0.0216320012662699,-0.0462475431494789,0.0236454558928642,0.0658660897891546,0.0698929990423432,1.06113782169367,DEFER,DEFER,2.477320220595346,2.6287781825202274,999,999,114,80,"unpenalized Cox PH for censoring, H=Z=(q0,q1), Breslow baseline",-0.0113010436283073,-0.0113010436283073,-0.0113010436283073,-0.0113010436283073,0.0,0.0,inf,-0.0373564487220825,0.0147543614654677,-0.0373564487220825,0.0147543614654677,-0.0442340885228847,0.0216320012662699,-0.046247543149479,0.0236454558928642,0.0658660897891546,0.0698929990423432,1.0611378216936702,DEFER,DEFER,2.477320220595347,2.6287781825202288,999,999,False,False
NSCLC-VA,InductiveSparsePCA,62,0.1,114,80,"unpenalized Cox PH for censoring, H=Z=(q0,q1), Breslow baseline",-0.0134958249529133,-0.0090384929852526,-0.0228325813254672,0.0002982633873012,0.0044573319676606,0.0231308447127684,5.189392416941321,-0.0392722779378086,0.0173063070845554,-0.0474872690424473,0.0293083802867346,-0.0460762849503411,0.0242603361949136,-0.0559003854680296,0.0392077346730648,0.0703366211452547,0.0951081201410944,1.3521849442367042,DEFER,DEFER,2.477320220595346,2.6287781825202274,999,999,114,80,"unpenalized Cox PH for censoring, H=Z=(q0,q1), Breslow baseline",-0.0134958249529133,-0.0090384929852526,-0.0228325813254672,0.0002982633873011,0.0044573319676606,0.0231308447127684,5.189392416941315,-0.0392722779378086,0.0173063070845554,-0.0474872690424473,0.0293083802867346,-0.0460762849503411,0.0242603361949136,-0.0559003854680296,0.0392077346730648,0.0703366211452547,0.0951081201410944,1.3521849442367042,DEFER,DEFER,2.477320220595347,2.6287781825202288,999,999,False,False
NSCLC-VA,InductiveSparsePCA,62,0.2,114,80,"unpenalized Cox PH for censoring, H=Z=(q0,q1), Breslow baseline",-0.0156213496545944,-0.0067099210932433,-0.034325859458689,0.0119945887108511,0.008911428561351,0.0463204481695402,5.197870111469249,-0.04112847374031,0.0199353818731175,-0.0593732035348884,0.0451119636784497,-0.0478613881273455,0.0269687323632105,-0.0679203092327453,0.0564128706098394,0.074830120490556,0.1243331798425848,1.6615392174635923,DEFER,DEFER,2.477320220595346,2.6287781825202274,999,999,114,80,"unpenalized Cox PH for censoring, H=Z=(q0,q1), Breslow baseline",-0.0156213496545944,-0.0067099210932434,-0.034325859458689,0.0119945887108512,0.008911428561351,0.0463204481695403,5.197870111469258,-0.04112847374031,0.0199353818731175,-0.0593732035348884,0.0451119636784497,-0.0478613881273455,0.0269687323632105,-0.0679203092327454,0.0564128706098395,0.0748301204905561,0.1243331798425849,1.6615392174635932,DEFER,DEFER,2.477320220595347,2.6287781825202288,999,999,False,False
NSCLC-VA,InductiveSparsePCA,62,0.3,114,80,"unpenalized Cox PH for censoring, H=Z=(q0,q1), Breslow baseline",-0.0176763959582361,-0.0043173306880737,-0.0458101075532446,0.0238163809069346,0.0133590652701623,0.0696264884601792,5.211928159052469,-0.042922889722967,0.0226400406526264,-0.0729393332083414,0.0618272887482487,-0.0495870075795916,0.0297557653704162,-0.0821968560207286,0.0747980550699332,0.0793427729500078,0.1569949110906618,1.978692012561508,DEFER,DEFER,2.477320220595346,2.6287781825202274,999,999,114,80,"unpenalized Cox PH for censoring, H=Z=(q0,q1), Breslow baseline",-0.0176763959582361,-0.0043173306880737,-0.0458101075532446,0.0238163809069346,0.0133590652701624,0.0696264884601793,5.211928159052473,-0.042922889722967,0.0226400406526264,-0.0729393332083414,0.0618272887482487,-0.0495870075795916,0.0297557653704162,-0.0821968560207286,0.0747980550699332,0.0793427729500078,0.1569949110906619,1.9786920125615088,DEFER,DEFER,2.477320220595347,2.6287781825202288,999,999,False,False
NSCLC-VA,InductiveSparsePCA,62,0.5,114,80,"unpenalized Cox PH for censoring, H=Z=(q0,q1), Breslow baseline",-0.0215715041626665,0.0006506553910875,-0.0688637994258254,0.0479429506542465,0.022222159553754,0.1168067500800719,5.256318576847742,-0.0463188763804698,0.028267325246232,-0.1036942992669826,0.0971261175303552,-0.0528512450585946,0.0355570797934269,-0.1155797895108142,0.1139092832251519,0.0884083248520215,0.2294890727359662,2.595785782844393,DEFER,DEFER,2.477320220595346,2.6287781825202274,999,999,114,80,"unpenalized Cox PH for censoring, H=Z=(q0,q1), Breslow baseline",-0.0215715041626665,0.0006506553910875,-0.0688637994258255,0.0479429506542465,0.022222159553754,0.116806750080072,5.256318576847744,-0.0463188763804698,0.0282673252462319,-0.1036942992669827,0.0971261175303552,-0.0528512450585946,0.0355570797934269,-0.1155797895108143,0.1139092832251519,0.0884083248520215,0.2294890727359662,2.595785782844393,DEFER,DEFER,2.477320220595347,2.6287781825202288,999,999,False,False
NSCLC-VA,InductiveSparsePCA,52,0.0,114,80,"unpenalized Cox PH for censoring, H=Z=(q0,q1), Breslow baseline",0.0248509963556484,0.0248509963556484,0.0248509963556484,0.0248509963556484,0.0,0.0,inf,-0.0098598610576876,0.0595618537689845,-0.0098598610576877,0.0595618537689845,-0.0159959395573165,0.0656979322686134,-0.0216819619292358,0.0713839546405326,0.0816938718259299,0.0930659165697684,1.139203155508036,DEFER,DEFER,2.306440383044761,2.6275041623557565,999,999,114,80,"unpenalized Cox PH for censoring, H=Z=(q0,q1), Breslow baseline",0.0248509963556484,0.0248509963556484,0.0248509963556485,0.0248509963556485,0.0,0.0,inf,-0.0098598610576876,0.0595618537689846,-0.0098598610576875,0.0595618537689846,-0.0159959395573165,0.0656979322686135,-0.0216819619292355,0.0713839546405326,0.08169387182593,0.0930659165697682,1.139203155508033,DEFER,DEFER,2.3064403830447637,2.627504162355752,999,999,False,False
NSCLC-VA,InductiveSparsePCA,52,0.1,114,80,"unpenalized Cox PH for censoring, H=Z=(q0,q1), Breslow baseline",0.0217604755022791,0.0279994398544199,0.000481371569079,0.0492785437876199,0.0062389643521408,0.0487971722185408,7.821357754960852,-0.012699423066722,0.062928555006149,-0.0316552344172646,0.087731485931228,-0.0187911378345456,0.0691032164367606,-0.042600576190752,0.1008280958886323,0.0878943542713062,0.1434286720793844,1.6318303179821834,DEFER,DEFER,2.306440383044761,2.6275041623557565,999,999,114,80,"unpenalized Cox PH for censoring, H=Z=(q0,q1), Breslow baseline",0.0217604755022791,0.0279994398544199,0.0004813715690791,0.0492785437876199,0.0062389643521408,0.0487971722185408,7.821357754960852,-0.0126994230667219,0.062928555006149,-0.0316552344172645,0.087731485931228,-0.0187911378345456,0.0691032164367607,-0.0426005761907519,0.1008280958886322,0.0878943542713063,0.1434286720793841,1.6318303179821798,DEFER,DEFER,2.3064403830447637,2.627504162355752,999,999,False,False
NSCLC-VA,InductiveSparsePCA,52,0.2,114,80,"unpenalized Cox PH for censoring, H=Z=(q0,q1), Breslow baseline",0.0187345269403972,0.0311982239725151,-0.0237842107788244,0.0737169616917368,0.0124636970321179,0.0975011724705612,7.822813104274622,-0.015445834355322,0.0663087660463035,-0.0548379892499483,0.1167046909881752,-0.0214881333846634,0.0725154995695876,-0.0654145329854334,0.1313457949496707,0.094003632954251,0.1967603279351042,2.093114082419156,DEFER,DEFER,2.306440383044761,2.6275041623557565,999,999,114,80,"unpenalized Cox PH for censoring, H=Z=(q0,q1), Breslow baseline",0.0187345269403972,0.0311982239725152,-0.0237842107788244,0.0737169616917368,0.0124636970321179,0.0975011724705613,7.822813104274631,-0.0154458343553219,0.0663087660463035,-0.0548379892499484,0.1167046909881752,-0.0214881333846634,0.0725154995695876,-0.0654145329854334,0.1313457949496706,0.094003632954251,0.196760327935104,2.0931140824191528,DEFER,DEFER,2.3064403830447637,2.627504162355752,999,999,False,False
NSCLC-VA,InductiveSparsePCA,52,0.3,114,80,"unpenalized Cox PH for censoring, H=Z=(q0,q1), Breslow baseline",0.0157788777880415,0.0344388513569875,-0.0479001920900585,0.0981179212350875,0.018659973568946,0.146018113325146,7.825204724199067,-0.018097388160187,0.0696899623947001,-0.0794804249261666,0.1461035862311415,-0.0240859301503013,0.0759215452666182,-0.0902362726913101,0.1624469270255325,0.1000074754169196,0.2526831997168426,2.526643120061129,DEFER,DEFER,2.306440383044761,2.6275041623557565,999,999,114,80,"unpenalized Cox PH for censoring, H=Z=(q0,q1), Breslow baseline",0.0157788777880415,0.0344388513569875,-0.0479001920900584,0.0981179212350875,0.0186599735689459,0.1460181133251459,7.825204724199075,-0.018097388160187,0.0696899623947001,-0.0794804249261665,0.1461035862311415,-0.0240859301503013,0.0759215452666183,-0.0902362726913099,0.1624469270255324,0.1000074754169197,0.2526831997168424,2.526643120061125,DEFER,DEFER,2.3064403830447637,2.627504162355752,999,999,False,False
NSCLC-VA,InductiveSparsePCA,52,0.5,114,80,"unpenalized Cox PH for censoring, H=Z=(q0,q1), Breslow baseline",0.0100969912129181,0.0410073799403301,-0.0955018749585832,0.1466062461118316,0.030910388727412,0.2421081210704149,7.8325809230508945,-0.0231125256836493,0.0764021887199754,-0.1320925074644605,0.2050033086856202,-0.0289832018293154,0.0826591740362705,-0.1445548371409389,0.2248926463683071,0.111642375865586,0.369447483509246,3.309204776813864,DEFER,DEFER,2.306440383044761,2.6275041623557565,999,999,114,80,"unpenalized Cox PH for censoring, H=Z=(q0,q1), Breslow baseline",0.0100969912129181,0.0410073799403302,-0.0955018749585832,0.1466062461118316,0.030910388727412,0.2421081210704149,7.832580923050897,-0.0231125256836493,0.0764021887199755,-0.1320925074644604,0.2050033086856203,-0.0289832018293154,0.0826591740362706,-0.1445548371409387,0.224892646368307,0.111642375865586,0.3694474835092457,3.30920477681386,DEFER,DEFER,2.3064403830447637,2.627504162355752,999,999,False,False
NSCLC-Stanford,InductiveSparsePCA,62,0.0,114,59,"unpenalized Cox PH for censoring, H=Z=(q0,q1), Breslow baseline",-0.0079388465106925,-0.0079388465106925,-0.0079388465106925,-0.0079388465106925,0.0,0.0,inf,-0.0365456047628177,0.0206679117414326,-0.0365456047628177,0.0206679117414326,-0.0433714646596137,0.0274937716382286,-0.0450586191056132,0.029180926084228,0.0708652362978424,0.0742395451898413,1.0476158560710478,DEFER,DEFER,2.4276310806620884,2.543224812792497,999,999,114,60,"unpenalized Cox PH for censoring, H=Z=(q0,q1), Breslow baseline",-0.0078042498255176,-0.0078042498255176,-0.0078042498255176,-0.0078042498255176,0.0,0.0,inf,-0.0346954272682587,0.0190869276172235,-0.0346954272682587,0.0190869276172234,-0.0412325523840232,0.025624052732988,-0.0422724948907234,0.0266639952396882,0.0668566051170113,0.0689364901304117,1.0311096414447034,DEFER,DEFER,2.436422474191996,2.512218703771928,999,999,False,False
NSCLC-Stanford,InductiveSparsePCA,62,0.1,114,59,"unpenalized Cox PH for censoring, H=Z=(q0,q1), Breslow baseline",-0.0102160756264063,-0.0056330795861529,-0.0188605645951624,0.003011409382603,0.0045829960402533,0.0218719739777654,4.772418257764041,-0.0388866433032438,0.0229024830292913,-0.0483595301298903,0.0322823858495979,-0.045727728769793,0.0297113549319579,-0.0571380542283387,0.040993063246001,0.075439083701751,0.0981311174743398,1.3007994352410464,DEFER,DEFER,2.4276310806620884,2.543224812792497,999,999,114,60,"unpenalized Cox PH for censoring, H=Z=(q0,q1), Breslow baseline",-0.0100438664120241,-0.0055365962233687,-0.0187583929756741,0.0031779303402812,0.0045072701886553,0.0219363233159554,4.866875602702581,-0.0370371755021931,0.0212510183676022,-0.0466509669515765,0.0308149617731907,-0.0435991283652342,0.0277629678167078,-0.0545101958615052,0.038602187025682,0.071362096181942,0.0931123828871872,1.3047876655667672,DEFER,DEFER,2.436422474191996,2.512218703771928,999,999,False,False
NSCLC-Stanford,InductiveSparsePCA,62,0.2,114,59,"unpenalized Cox PH for censoring, H=Z=(q0,q1), Breslow baseline",-0.0124612305798427,-0.0033022620554511,-0.0297838578154108,0.0140203651801169,0.0091589685243915,0.0438042229955277,4.782658972882277,-0.0411868793924088,0.0251561618209117,-0.061588009143542,0.0454270647597472,-0.048041107771277,0.0319466276455129,-0.0710525277733908,0.0547733067080602,0.07998773541679,0.125825834481451,1.57306409321146,DEFER,DEFER,2.4276310806620884,2.543224812792497,999,999,114,60,"unpenalized Cox PH for censoring, H=Z=(q0,q1), Breslow baseline",-0.0122519697814629,-0.0032443334146666,-0.0297149211536915,0.0142186179575618,0.0090076363667962,0.0439335391112534,4.877365972853888,-0.0393442144745511,0.0234400688048509,-0.060169399152267,0.044233470473879,-0.0459302181407251,0.029926927787497,-0.068750490095325,0.0526906891166362,0.0758571459282221,0.1214411792119612,1.600919435156075,DEFER,DEFER,2.436422474191996,2.512218703771928,999,999,False,False
NSCLC-Stanford,InductiveSparsePCA,62,0.3,114,59,"unpenalized Cox PH for censoring, H=Z=(q0,q1), Breslow baseline",-0.0146707732189206,-0.0009497920704801,-0.0407384228079732,0.0251178575185724,0.0137209811484405,0.0658562803265456,4.799677196118783,-0.0434415639708897,0.0274270572899422,-0.0759736735756101,0.059874090591168,-0.0503065636699865,0.0341980586155587,-0.0864592445904456,0.070217111916437,0.0845046222855452,0.1566763565068826,1.8540566452976464,DEFER,DEFER,2.4276310806620884,2.543224812792497,999,999,114,60,"unpenalized Cox PH for censoring, H=Z=(q0,q1), Breslow baseline",-0.0144250818745022,-0.0009308016063332,-0.0407038294619292,0.0253479459810937,0.0134942802681689,0.0660517754430229,4.894797953680395,-0.0416113592412902,0.0256524913215793,-0.0749183758330273,0.0590409344847967,-0.0482202218304047,0.0321147710870826,-0.0845589329294124,0.0685345333738405,0.0803349929174874,0.1530934663032529,1.905688427214977,DEFER,DEFER,2.436422474191996,2.512218703771928,999,999,False,False
NSCLC-Stanford,InductiveSparsePCA,62,0.5,114,59,"unpenalized Cox PH for censoring, H=Z=(q0,q1), Breslow baseline",-0.0189691745867921,0.0038071276848103,-0.062855891124984,0.0476938442230022,0.0227763022716025,0.1105497353479862,4.853717430937844,-0.0477963775029724,0.032013607471618,-0.1071790060357104,0.0916305126225677,-0.0546748377111555,0.0387439569054709,-0.1203690120345324,0.1047055169611792,0.0934187946166264,0.2250745289957117,2.4093067130589323,DEFER,DEFER,2.4276310806620884,2.543224812792497,999,999,114,60,"unpenalized Cox PH for censoring, H=Z=(q0,q1), Breslow baseline",-0.0186527199020035,0.0037473130120075,-0.0628943821677104,0.0479889752777144,0.0224000329140111,0.1108833574454248,4.950142612338202,-0.046006022968903,0.0301412617356931,-0.1068697479264715,0.0915563248847309,-0.0526554887596252,0.036557512770933,-0.1192605895244729,0.1038322006736149,0.0892130015305583,0.2230927901980879,2.5006757576884278,DEFER,DEFER,2.436422474191996,2.512218703771928,999,999,False,False
NSCLC-Stanford,InductiveSparsePCA,52,0.0,114,59,"unpenalized Cox PH for censoring, H=Z=(q0,q1), Breslow baseline",0.0148527019033815,0.0148527019033815,0.0148527019033815,0.0148527019033815,0.0,0.0,inf,-0.00394782899473,0.0336532328014931,-0.00394782899473,0.0336532328014931,-0.0074971199872649,0.037202523794028,-0.0104181871769772,0.0401235909837403,0.0446996437812929,0.0505417781607176,1.1306975600971036,DEFER,DEFER,2.3299792013294662,2.6345017980202257,999,999,114,60,"unpenalized Cox PH for censoring, H=Z=(q0,q1), Breslow baseline",0.0146715691632599,0.0146715691632599,0.01467156916326,0.01467156916326,0.0,0.0,inf,-0.00406921114511,0.0334123494716299,-0.0040692111451099,0.03341234947163,-0.007857647709653,0.0372007860361729,-0.011522223178585,0.0408653615051051,0.0450584337458259,0.0523875846836901,1.1626588038813737,DEFER,DEFER,2.3561694307403216,2.7394211320863997,999,999,False,False
NSCLC-Stanford,InductiveSparsePCA,52,0.1,114,59,"unpenalized Cox PH for censoring, H=Z=(q0,q1), Breslow baseline",0.0127065812060768,0.0170482721706647,-0.0088602039607376,0.0386150573374791,0.0043416909645878,0.0474752612982168,10.93473987104082,-0.0058966476465336,0.0360438917571426,-0.0262829961205314,0.0625739037477984,-0.0094086906285362,0.0396300129077255,-0.0322791941225802,0.0708195388709951,0.0490387035362618,0.1030987329935753,2.1023951605355675,DEFER,DEFER,2.3299792013294662,2.6345017980202257,999,999,114,60,"unpenalized Cox PH for censoring, H=Z=(q0,q1), Breslow baseline",0.0125463746099253,0.0168461336718602,-0.0090609517753222,0.0384534600571079,0.0042997590619349,0.0475144118324301,11.050482398669097,-0.0059555758238004,0.0358195196017301,-0.026299498647888,0.0623446931471958,-0.0096957330843379,0.039654977241549,-0.0331550881786759,0.071845986304955,0.0493507103258869,0.105001074483631,2.1276507225581422,DEFER,DEFER,2.3561694307403216,2.7394211320863997,999,999,False,False
NSCLC-Stanford,InductiveSparsePCA,52,0.2,114,59,"unpenalized Cox PH for censoring, H=Z=(q0,q1), Breslow baseline",0.0106137587132454,0.0192887660311796,-0.0325029611806153,0.0624054859250403,0.0086750073179342,0.0949084471056557,10.94044576878311,-0.0077928719648345,0.0384741160628004,-0.0530833243970225,0.0934025520667377,-0.0112677998178128,0.0420960558061456,-0.0601662265901875,0.1040704487140464,0.0533638556239584,0.164236675304234,3.0776763294910348,DEFER,DEFER,2.3299792013294662,2.6345017980202257,999,999,114,60,"unpenalized Cox PH for censoring, H=Z=(q0,q1), Breslow baseline",0.0104743512214061,0.0190655913619124,-0.032723167399285,0.0622631099826036,0.0085912401405062,0.0949862773818887,11.056177667999831,-0.0077857594396906,0.0382619696446627,-0.0529210621907502,0.0931050587759882,-0.0114770289473004,0.0421425050437512,-0.0609535533920062,0.105370578765583,0.0536195339910517,0.1663241321575892,3.1019316987228223,DEFER,DEFER,2.3561694307403216,2.7394211320863997,999,999,False,False
NSCLC-Stanford,InductiveSparsePCA,52,0.3,114,59,"unpenalized Cox PH for censoring, H=Z=(q0,q1), Breslow baseline",0.0085774250375598,0.0215689770187109,-0.0560546581150462,0.0862010601713169,0.012991551981151,0.1422557182863631,10.9498633029184,-0.0096359448147565,0.0409353958882296,-0.0826549601965061,0.1249868512885916,-0.0130743875859139,0.0445915190277173,-0.0918096741328189,0.1383353020462134,0.0576659066136312,0.2301449761790323,3.991005946044206,DEFER,DEFER,2.3299792013294662,2.6345017980202257,999,999,114,60,"unpenalized Cox PH for censoring, H=Z=(q0,q1), Breslow baseline",0.0084586442814492,0.0213247863536,-0.0562939279076727,0.086077358542722,0.0128661420721507,0.1423712864503947,11.065577051147496,-0.0095595941740332,0.0407310535421253,-0.0823248901029281,0.1245825107865585,-0.0132019693724083,0.0446540178471636,-0.0926771311138066,0.1398956065222752,0.057855987219572,0.2325727376360819,4.0198560047628975,DEFER,DEFER,2.3561694307403216,2.7394211320863997,999,999,False,False
NSCLC-Stanford,InductiveSparsePCA,52,0.5,114,59,"unpenalized Cox PH for censoring, H=Z=(q0,q1), Breslow baseline",0.0046839074862609,0.0262244298743501,-0.102795125699586,0.1337034630601972,0.0215405223880892,0.2364985887597832,10.979241101903582,-0.0131618327908093,0.0459134853427887,-0.1442723119508111,0.1884790692065883,-0.0165308719718722,0.0496305179949181,-0.1585470286006565,0.2073305470365284,0.0661613899667904,0.3658775756371849,5.53007691979924,DEFER,DEFER,2.3299792013294662,2.6345017980202257,999,999,114,60,"unpenalized Cox PH for censoring, H=Z=(q0,q1), Breslow baseline",0.0046056935551689,0.0259384742309267,-0.1030703791748285,0.1336145469609243,0.0213327806757578,0.2366849261357528,11.094893334965793,-0.0129391453163744,0.0457112452769958,-0.1436306723987681,0.1877920605210212,-0.0164858230963965,0.0497082980987403,-0.1597610761762612,0.2093378901963641,0.0661941211951368,0.3690989663726254,5.576008257357787,DEFER,DEFER,2.3561694307403216,2.7394211320863997,999,999,False,False
NSCLC-Stanford,InductiveSparsePCA,42,0.0,114,59,"unpenalized Cox PH for censoring, H=Z=(q0,q1), Breslow baseline",0.0083926642982708,0.0083926642982708,0.0083926642982708,0.0083926642982708,0.0,0.0,inf,-0.0150931779993912,0.0318785065959329,-0.0150931779993912,0.0318785065959329,-0.0190511569178703,0.0358364855144119,-0.0219962322907255,0.0387815608872672,0.0548876424322823,0.0607777931779928,1.1073128756254644,DEFER,DEFER,2.2902691970790965,2.536044570574078,999,999,114,60,"unpenalized Cox PH for censoring, H=Z=(q0,q1), Breslow baseline",0.0081506003212126,0.0081506003212126,0.0081506003212126,0.0081506003212126,0.0,0.0,inf,-0.0155044023638429,0.0318056030062683,-0.015504402363843,0.0318056030062683,-0.0200834636105756,0.036384664253001,-0.0221633875408737,0.038464588183299,0.0564681278635766,0.0606279757241727,1.0736671821429256,DEFER,DEFER,2.339367666969949,2.511702290991894,999,999,False,False
NSCLC-Stanford,InductiveSparsePCA,42,0.1,114,59,"unpenalized Cox PH for censoring, H=Z=(q0,q1), Breslow baseline",0.005256070683944,0.0116563121520657,-0.0058775503109442,0.022789933146954,0.0064002414681217,0.0286674834578983,4.47912529561346,-0.0172905459367228,0.0361039965573269,-0.0252249693454491,0.0521615846373136,-0.0210902407544178,0.0402240710368905,-0.0309116414392013,0.0607946199057265,0.0613143117913084,0.0917062613449279,1.4956746421139444,DEFER,DEFER,2.2902691970790965,2.536044570574078,999,999,114,60,"unpenalized Cox PH for censoring, H=Z=(q0,q1), Breslow baseline",0.005040920495203,0.0113871851136112,-0.0061242398650541,0.0225523454738684,0.0063462646184081,0.0286765853389225,4.518655786230937,-0.0175799223747029,0.0361044978369206,-0.0249877115489982,0.0526401670297608,-0.0219587942071486,0.0408891977298605,-0.0302978601041737,0.0611100184357135,0.0628479919370091,0.0914078785398873,1.4544279892268162,DEFER,DEFER,2.339367666969949,2.511702290991894,999,999,False,False
NSCLC-Stanford,InductiveSparsePCA,42,0.2,114,59,"unpenalized Cox PH for censoring, H=Z=(q0,q1), Breslow baseline",0.002247594336046,0.0150451811933924,-0.0200576555754733,0.0373504311049118,0.0127975868573463,0.0574080866803851,4.485852475182106,-0.0193862629049791,0.0404732023754693,-0.0382171029142534,0.0735179986467032,-0.0230321338854671,0.0447584892517811,-0.0435546015353994,0.0841485172017622,0.0677906231372482,0.1277031187371616,1.8837873562338427,DEFER,DEFER,2.2902691970790965,2.536044570574078,999,999,114,60,"unpenalized Cox PH for censoring, H=Z=(q0,q1), Breslow baseline",0.0020590991540198,0.0147489577654732,-0.0203093260310125,0.0371173829505056,0.0126898586114534,0.0574267089815182,4.525401798384648,-0.0195607056935582,0.0405514314076416,-0.0374269583249082,0.0744438088345868,-0.023745799724514,0.0455461933486047,-0.0422456455695698,0.0849513585475557,0.0692919930731187,0.1271970041171255,1.835666697924303,DEFER,DEFER,2.339367666969949,2.511702290991894,999,999,False,False
NSCLC-Stanford,InductiveSparsePCA,42,0.3,114,59,"unpenalized Cox PH for censoring, H=Z=(q0,q1), Breslow baseline",-0.0006324428960388,0.0185566407763255,-0.034184646385499,0.0521088442657856,0.0191890836723644,0.0862934906512847,4.4970094520752,-0.0213836230857983,0.0449790594631909,-0.0545834312527228,0.0955535056237935,-0.0248807398884945,0.0494319283368037,-0.060579125068214,0.1083229371912027,0.0743126682252983,0.1689020622594168,2.2728569205366984,DEFER,DEFER,2.2902691970790965,2.536044570574078,999,999,114,60,"unpenalized Cox PH for censoring, H=Z=(q0,q1), Breslow baseline",-0.000794643297667,0.0182334081233967,-0.0344418442128753,0.0518806090386049,0.0190280514210638,0.0863224532514802,4.536589235612549,-0.0214511839963474,0.0451382569101285,-0.0536582138489166,0.0968573291666207,-0.0254498123737875,0.0503464131749493,-0.0590677046981222,0.1095184696717168,0.0757962255487369,0.1685861743698391,2.224202764047114,DEFER,DEFER,2.339367666969949,2.511702290991894,999,999,False,False
NSCLC-Stanford,InductiveSparsePCA,42,0.5,114,59,"unpenalized Cox PH for censoring, H=Z=(q0,q1), Breslow baseline",-0.0060094277885145,0.0259326598114018,-0.0624232135095619,0.0823464455324493,0.0319420875999163,0.1447696590420113,4.532254148673442,-0.0250989705712122,0.0543665412317983,-0.0935820726579864,0.1410134784091057,-0.0283160579951894,0.0591583942045855,-0.1027404112703096,0.1582571313267345,0.0874744521997749,0.2609975425970442,2.9837002237061827,DEFER,DEFER,2.2902691970790965,2.536044570574078,999,999,114,60,"unpenalized Cox PH for censoring, H=Z=(q0,q1), Breslow baseline",-0.0061204770818964,0.0255561620703454,-0.0626937476327845,0.0821294326212335,0.0316766391522419,0.144823180254018,4.571923793997821,-0.0249808310046408,0.0546931361320515,-0.093152701108521,0.1429526805566926,-0.0286317591781498,0.0603333802085108,-0.1017270277489884,0.1600746869167665,0.0889651393866607,0.2618017146657548,2.9427449501080525,DEFER,DEFER,2.339367666969949,2.511702290991894,999,999,False,False
NSCLC-VA,InductiveSparsePCA,42,0.0,114,80,"unpenalized Cox PH for censoring, H=Z=(q0,q1), Breslow baseline",0.0325437387192257,0.0325437387192257,0.0325437387192257,0.0325437387192257,0.0,0.0,inf,-0.0126236157404399,0.0777110931788913,-0.0126236157404398,0.0777110931788913,-0.0204588526912527,0.0855463301297042,-0.0225722170247087,0.0876596944631602,0.1060051828209569,0.1102319114878689,1.0398728491799405,DEFER,DEFER,2.2999613657823894,2.39166737843992,999,999,114,80,"unpenalized Cox PH for censoring, H=Z=(q0,q1), Breslow baseline",0.0325437387192257,0.0325437387192257,0.0325437387192257,0.0325437387192257,0.0,0.0,inf,-0.0126236157404398,0.0777110931788913,-0.0126236157404398,0.0777110931788913,-0.0204588526912527,0.0855463301297042,-0.0225722170247086,0.08765969446316,0.1060051828209569,0.1102319114878687,1.0398728491799376,DEFER,DEFER,2.29996136578239,2.391667378439915,999,999,False,False
NSCLC-VA,InductiveSparsePCA,42,0.1,114,80,"unpenalized Cox PH for censoring, H=Z=(q0,q1), Breslow baseline",0.0285721168387149,0.0366821058035373,0.0163257042106878,0.0489285184315643,0.0081099889648224,0.0326028142208765,4.020081206311533,-0.0159037482110943,0.0825844849501175,-0.0255712693931038,0.098500514433041,-0.0236190316370656,0.0905472275442333,-0.0347995337089577,0.1094192859436563,0.114166259181299,0.1442188196526141,1.2632350458605364,DEFER,DEFER,2.2999613657823894,2.39166737843992,999,999,114,80,"unpenalized Cox PH for censoring, H=Z=(q0,q1), Breslow baseline",0.0285721168387149,0.0366821058035373,0.0163257042106878,0.0489285184315644,0.0081099889648224,0.0326028142208765,4.020081206311535,-0.0159037482110943,0.0825844849501175,-0.0255712693931037,0.098500514433041,-0.0236190316370656,0.0905472275442334,-0.0347995337089576,0.1094192859436563,0.114166259181299,0.1442188196526139,1.263235045860534,DEFER,DEFER,2.29996136578239,2.391667378439915,999,999,False,False
NSCLC-VA,InductiveSparsePCA,42,0.2,114,80,"unpenalized Cox PH for censoring, H=Z=(q0,q1), Breslow baseline",0.0247642439158742,0.0409888335110191,0.0002458042204522,0.065507273206441,0.0162245895951448,0.0652614689859888,4.022380264430116,-0.0190667408325496,0.0876653465215968,-0.0397866517938906,0.1203327008673973,-0.0266701560734852,0.0957623790764294,-0.0486042358229127,0.1324085978634336,0.1224325351499146,0.1810128336863463,1.4784700281236685,DEFER,DEFER,2.2999613657823894,2.39166737843992,999,999,114,80,"unpenalized Cox PH for censoring, H=Z=(q0,q1), Breslow baseline",0.0247642439158742,0.0409888335110191,0.0002458042204523,0.065507273206441,0.0162245895951448,0.0652614689859887,4.022380264430116,-0.0190667408325496,0.0876653465215968,-0.0397866517938906,0.1203327008673973,-0.0266701560734853,0.0957623790764294,-0.0486042358229126,0.1324085978634334,0.1224325351499147,0.1810128336863461,1.478470028123666,DEFER,DEFER,2.29996136578239,2.391667378439915,999,999,False,False
NSCLC-VA,InductiveSparsePCA,42,0.3,114,80,"unpenalized Cox PH for censoring, H=Z=(q0,q1), Breslow baseline",0.0211159167876137,0.0454639906168953,-0.0157249267309902,0.0823048341354993,0.0243480738292815,0.0980297608664895,4.026181354378701,-0.0221185752852862,0.0929479521721064,-0.0554656999070617,0.1429837282194121,-0.0296185162026078,0.1011850538265902,-0.0642190376171629,0.1563489148864839,0.1308035700291981,0.2205679525036469,1.686253306805093,DEFER,DEFER,2.2999613657823894,2.39166737843992,999,999,114,80,"unpenalized Cox PH for censoring, H=Z=(q0,q1), Breslow baseline",0.0211159167876137,0.0454639906168953,-0.0157249267309901,0.0823048341354993,0.0243480738292815,0.0980297608664894,4.026181354378701,-0.0221185752852862,0.0929479521721064,-0.0554656999070616,0.142983728219412,-0.0296185162026078,0.1011850538265902,-0.0642190376171628,0.1563489148864837,0.1308035700291981,0.2205679525036465,1.686253306805091,DEFER,DEFER,2.29996136578239,2.391667378439915,999,999,False,False
NSCLC-VA,InductiveSparsePCA,42,0.5,114,80,"unpenalized Cox PH for censoring, H=Z=(q0,q1), Breslow baseline",0.0142761156031911,0.0549112391632996,-0.0474504793881118,0.1166378341546026,0.0406351235601085,0.1640883135427145,4.038090675422478,-0.0279117755379432,0.104080236234915,-0.0910662745366413,0.1900689646903275,-0.0352301612946531,0.1126096430885743,-0.1006731280001655,0.2062429701925845,0.1478398043832274,0.3069160981927502,2.076004493330959,DEFER,DEFER,2.2999613657823894,2.39166737843992,999,999,114,80,"unpenalized Cox PH for censoring, H=Z=(q0,q1), Breslow baseline",0.0142761156031911,0.0549112391632996,-0.0474504793881118,0.1166378341546026,0.0406351235601085,0.1640883135427144,4.0380906754224775,-0.0279117755379432,0.104080236234915,-0.0910662745366412,0.1900689646903275,-0.0352301612946531,0.1126096430885743,-0.1006731280001654,0.2062429701925843,0.1478398043832274,0.3069160981927498,2.076004493330956,DEFER,DEFER,2.29996136578239,2.391667378439915,999,999,False,False
NSCLC-VA,InductiveSparsePCA,72,0.0,114,80,"unpenalized Cox PH for censoring, H=Z=(q0,q1), Breslow baseline",-0.0127995088496309,-0.0127995088496309,-0.0127995088496309,-0.0127995088496309,0.0,0.0,inf,-0.0341505367080771,0.0085515190088151,-0.0341505367080771,0.0085515190088151,-0.0362637086949572,0.0106646909956952,-0.0407241234295748,0.0151251057303129,0.0469283996906524,0.0558492291598878,1.1900944743064037,DEFER,DEFER,2.153947197661361,2.5634006578845496,999,999,114,80,"unpenalized Cox PH for censoring, H=Z=(q0,q1), Breslow baseline",-0.0127995088496309,-0.0127995088496309,-0.0127995088496309,-0.0127995088496309,0.0,0.0,inf,-0.0341505367080771,0.0085515190088151,-0.0341505367080771,0.0085515190088151,-0.0362637086949572,0.0106646909956952,-0.0407241234295749,0.0151251057303129,0.0469283996906524,0.0558492291598879,1.1900944743064057,DEFER,DEFER,2.1539471976613607,2.563400657884552,999,999,False,False
NSCLC-VA,InductiveSparsePCA,72,0.1,114,80,"unpenalized Cox PH for censoring, H=Z=(q0,q1), Breslow baseline",-0.0146707968062592,-0.0108229708943696,-0.0310423335786068,0.0055485658779779,0.0038478259118896,0.0365908994565847,9.509499726461252,-0.035417426040007,0.0111756675636857,-0.0486142050711679,0.033293908503063,-0.0374707789750321,0.0133529354145482,-0.0540242594198943,0.0418361865176325,0.0508237143895804,0.0958604459375268,1.8861361686933211,DEFER,DEFER,2.153947197661361,2.5634006578845496,999,999,114,80,"unpenalized Cox PH for censoring, H=Z=(q0,q1), Breslow baseline",-0.0146707968062592,-0.0108229708943696,-0.0310423335786069,0.0055485658779779,0.0038478259118896,0.0365908994565848,9.509499726461266,-0.035417426040007,0.0111756675636857,-0.0486142050711679,0.033293908503063,-0.0374707789750321,0.0133529354145482,-0.0540242594198944,0.0418361865176325,0.0508237143895804,0.0958604459375269,1.8861361686933236,DEFER,DEFER,2.1539471976613607,2.563400657884552,999,999,False,False
NSCLC-VA,InductiveSparsePCA,72,0.2,114,80,"unpenalized Cox PH for censoring, H=Z=(q0,q1), Breslow baseline",-0.0164384564557383,-0.0087402139927458,-0.0492037792713537,0.0240251088228695,0.0076982424629924,0.0732288880942233,9.512416430926232,-0.036625777305745,0.0139464051894573,-0.0672680947823434,0.0593792651298547,-0.0386237738983784,0.0161917644504112,-0.0728297635396166,0.0702641561988071,0.0548155383487896,0.1430939197384237,2.610462727336933,DEFER,DEFER,2.153947197661361,2.5634006578845496,999,999,114,80,"unpenalized Cox PH for censoring, H=Z=(q0,q1), Breslow baseline",-0.0164384564557383,-0.0087402139927458,-0.0492037792713537,0.0240251088228695,0.0076982424629924,0.0732288880942233,9.51241643092624,-0.036625777305745,0.0139464051894573,-0.0672680947823435,0.0593792651298547,-0.0386237738983784,0.0161917644504112,-0.0728297635396166,0.0702641561988071,0.0548155383487896,0.1430939197384238,2.6104627273369347,DEFER,DEFER,2.1539471976613607,2.563400657884552,999,999,False,False
NSCLC-VA,InductiveSparsePCA,72,0.3,114,80,"unpenalized Cox PH for censoring, H=Z=(q0,q1), Breslow baseline",-0.0181046631750059,-0.0065510240497444,-0.0673071790384298,0.0426514918136794,0.0115536391252614,0.1099586708521093,9.517232593122124,-0.0377787261108991,0.0168601223352447,-0.0897471059202479,0.0861552368476734,-0.0397259241071679,0.0191771901152831,-0.0966559445185428,0.0995492356090849,0.058903114222451,0.1962051801276277,3.330981438207959,DEFER,DEFER,2.153947197661361,2.5634006578845496,999,999,114,80,"unpenalized Cox PH for censoring, H=Z=(q0,q1), Breslow baseline",-0.0181046631750059,-0.0065510240497444,-0.0673071790384298,0.0426514918136794,0.0115536391252614,0.1099586708521093,9.517232593122127,-0.0377787261108991,0.0168601223352447,-0.089747105920248,0.0861552368476735,-0.0397259241071679,0.0191771901152831,-0.0966559445185428,0.099549235609085,0.058903114222451,0.1962051801276279,3.330981438207962,DEFER,DEFER,2.1539471976613607,2.563400657884552,999,999,False,False
NSCLC-VA,InductiveSparsePCA,72,0.5,114,80,"unpenalized Cox PH for censoring, H=Z=(q0,q1), Breslow baseline",-0.0211436325802774,-0.001856871711573,-0.1034235897621648,0.0804230854703143,0.0192867608687043,0.1838466752324792,9.532273277199057,-0.0399290203441885,0.0230928615798999,-0.1395345082762539,0.1407201994959549,-0.0417882636297371,0.0255622076845098,-0.1506523924371048,0.1592845660796831,0.0673504713142469,0.309936958516788,4.601852852234246,DEFER,DEFER,2.153947197661361,2.5634006578845496,999,999,114,80,"unpenalized Cox PH for censoring, H=Z=(q0,q1), Breslow baseline",-0.0211436325802774,-0.001856871711573,-0.1034235897621648,0.0804230854703143,0.0192867608687043,0.1838466752324792,9.532273277199051,-0.0399290203441885,0.0230928615799,-0.1395345082762539,0.1407201994959548,-0.0417882636297371,0.0255622076845098,-0.1506523924371049,0.1592845660796831,0.0673504713142469,0.309936958516788,4.601852852234245,DEFER,DEFER,2.1539471976613607,2.563400657884552,999,999,False,False
NSCLC-Stanford,InductiveSparsePCA,72,0.0,114,59,"unpenalized Cox PH for censoring, H=Z=(q0,q1), Breslow baseline",-0.0079590373005603,-0.0079590373005603,-0.0079590373005603,-0.0079590373005603,0.0,0.0,inf,-0.0245762654088618,0.008658190807741,-0.0245762654088618,0.0086581908077411,-0.0270748635018154,0.0111567889006947,-0.0295038871923153,0.0135858125911946,0.0382316524025101,0.04308969978351,1.127068726453501,DEFER,DEFER,2.254667905200749,2.5411656844901915,999,999,114,60,"unpenalized Cox PH for censoring, H=Z=(q0,q1), Breslow baseline",-0.0078005180070929,-0.0078005180070929,-0.0078005180070929,-0.0078005180070929,0.0,0.0,inf,-0.0246322215611248,0.0090311855469388,-0.0246322215611247,0.0090311855469388,-0.0269299794603249,0.0113289434461389,-0.0302711835214825,0.0146701475072966,0.0382589229064639,0.0449413310287792,1.1746627352435557,DEFER,DEFER,2.227525893123332,2.6165916584420983,999,999,False,False
NSCLC-Stanford,InductiveSparsePCA,72,0.1,114,59,"unpenalized Cox PH for censoring, H=Z=(q0,q1), Breslow baseline",-0.009644215048786,-0.0061804113712625,-0.0264866900145952,0.0106620635945467,0.0034638036775234,0.037148753609142,10.724843861734731,-0.0258482929148952,0.0108834107485415,-0.0404980273547344,0.0336996171198141,-0.0282847689499149,0.0134491595683307,-0.0446529062937853,0.0405311024823984,0.0417339285182456,0.0851840087761837,2.041121260341982,DEFER,DEFER,2.254667905200749,2.5411656844901915,999,999,114,60,"unpenalized Cox PH for censoring, H=Z=(q0,q1), Breslow baseline",-0.0094643869951627,-0.0060443337477476,-0.0263998747185053,0.0108911539755949,0.0034200532474151,0.0372910286941003,10.903639796335003,-0.025867714033843,0.0112485454656627,-0.0405264308144326,0.0340804613215363,-0.0281069926757997,0.0136092601541655,-0.0452591135283409,0.0418493494552324,0.0417162528299653,0.0871084629835734,2.088118109232532,DEFER,DEFER,2.227525893123332,2.6165916584420983,999,999,False,False
NSCLC-Stanford,InductiveSparsePCA,72,0.2,114,59,"unpenalized Cox PH for censoring, H=Z=(q0,q1), Breslow baseline",-0.011237513215651,-0.004307365441417,-0.0449452160486726,0.0294003373916045,0.006930147774234,0.0743455534402772,10.727845330613391,-0.0270637868102476,0.0132337503712943,-0.0619538137023877,0.0603643985529207,-0.0294434554748588,0.0158712659805326,-0.0669974910087474,0.0695463861436469,0.0453147214553915,0.1365438771523944,3.013234391980324,DEFER,DEFER,2.254667905200749,2.5411656844901915,999,999,114,60,"unpenalized Cox PH for censoring, H=Z=(q0,q1), Breslow baseline",-0.0110374887267206,-0.0041948768199416,-0.0449310338967286,0.0296986683500663,0.006842611906779,0.074629702246795,10.906610408937402,-0.0270470840831555,0.0135893200602629,-0.0618011532710657,0.0607080794180744,-0.0292326129617481,0.0160171063346137,-0.0674529853101224,0.071096860854503,0.0452497192963618,0.1385498461646254,3.061894047501088,DEFER,DEFER,2.227525893123332,2.6165916584420983,999,999,False,False
NSCLC-Stanford,InductiveSparsePCA,72,0.3,114,59,"unpenalized Cox PH for censoring, H=Z=(q0,q1), Breslow baseline",-0.0127409988341404,-0.0023396246321539,-0.063358241129588,0.0482776176632936,0.0104013742019864,0.1116358587928816,10.732799015303296,-0.0282258865623056,0.0157059139156275,-0.0868064906674692,0.0877181136740291,-0.0305542237973145,0.018419275488806,-0.0937597625641819,0.0994136772196498,0.0489734992861206,0.1931734397838318,3.944448377177291,DEFER,DEFER,2.254667905200749,2.5411656844901915,999,999,114,60,"unpenalized Cox PH for censoring, H=Z=(q0,q1), Breslow baseline",-0.0125218646004755,-0.0022518794394327,-0.063417404821202,0.0486436607812937,0.0102699851610428,0.1120610656024958,10.911511929693663,-0.0281734210221036,0.0160503210773338,-0.0865131604526812,0.0880174539962341,-0.0303100726858598,0.0185488219376387,-0.0942507068652328,0.1012084730431956,0.0488588946234985,0.1954591799084284,4.000483052566293,DEFER,DEFER,2.227525893123332,2.6165916584420983,999,999,False,False
NSCLC-Stanford,InductiveSparsePCA,72,0.5,114,59,"unpenalized Cox PH for censoring, H=Z=(q0,q1), Breslow baseline",-0.0154887372009262,0.0018769705418481,-0.1001313579531482,0.08651959129407,0.0173657077427744,0.1866509492472182,10.748248905943957,-0.0304005100373285,0.0209946008431237,-0.1393370130208248,0.1432606100187945,-0.0326426726247807,0.0238691641759034,-0.1509629375545043,0.1600864174315014,0.0565118368006841,0.3110493549860057,5.504145194980459,DEFER,DEFER,2.254667905200749,2.5411656844901915,999,999,114,60,"unpenalized Cox PH for censoring, H=Z=(q0,q1), Breslow baseline",-0.0152345218772154,0.0019117809337972,-0.1003383873221929,0.0870156463787747,0.0171463028110126,0.1873540337009676,10.926789044028451,-0.0302775411028704,0.0213124796642664,-0.1389053372846682,0.1434779734043932,-0.0323311191107417,0.0239609405651394,-0.151826047482973,0.1623939977550287,0.0562920596758811,0.3142200452380017,5.581960351907891,DEFER,DEFER,2.227525893123332,2.6165916584420983,999,999,False,False
NSCLC-Stanford,InductiveSparsePCA_SRDO,52,0.0,114,59,"unpenalized Cox PH for censoring, H=Z=(q0,q1), Breslow baseline",0.0054783326102915,0.0054783326102915,0.0054783326102916,0.0054783326102916,0.0,0.0,inf,-0.0017430463821039,0.0126997116026871,-0.0017430463821039,0.0126997116026871,-0.0030927057306503,0.0140493709512335,-0.0045478713802878,0.015504536600871,0.0171420766818838,0.0200524079811589,1.1697770552123818,DEFER,DEFER,2.3262768061402355,2.7212252318955894,999,999,114,60,"unpenalized Cox PH for censoring, H=Z=(q0,q1), Breslow baseline",0.0055512072275918,0.0055512072275918,0.0055512072275918,0.0055512072275918,0.0,0.0,inf,-0.0013098799995798,0.0124122944547635,-0.0013098799995798,0.0124122944547635,-0.0025321955648117,0.0136346100199954,-0.0044033049046765,0.0155057193598602,0.0161668055848071,0.0199090242645368,1.2314754550674136,DEFER,DEFER,2.309135246509982,2.843643378508085,999,999,False,False
NSCLC-Stanford,InductiveSparsePCA_SRDO,52,0.1,114,59,"unpenalized Cox PH for censoring, H=Z=(q0,q1), Breslow baseline",0.0042911273023006,0.0066972918445853,-0.0167907611201985,0.0277791802670844,0.0024061645422847,0.0445699413872829,18.523230894659427,-0.0027244144099524,0.0141267391742971,-0.0244351751537117,0.0417860866021149,-0.0040356032378799,0.0155152860229859,-0.0274043093869717,0.0472264493191368,0.0195508892608659,0.0746307587061086,3.817256479248404,DEFER,DEFER,2.3262768061402355,2.7212252318955894,999,999,114,60,"unpenalized Cox PH for censoring, H=Z=(q0,q1), Breslow baseline",0.0043539467341561,0.0067811249981252,-0.0167869232945584,0.0279219950268397,0.002427178263969,0.0447089183213981,18.420121416334823,-0.0023086749047154,0.013843681110585,-0.0242688282915412,0.0412764322774252,-0.0034956334529455,0.0151018887358132,-0.0276421582739346,0.0472974822097029,0.0185975221887587,0.0749396404836376,4.029549728346858,DEFER,DEFER,2.309135246509982,2.843643378508085,999,999,False,False
NSCLC-Stanford,InductiveSparsePCA_SRDO,52,0.2,114,59,"unpenalized Cox PH for censoring, H=Z=(q0,q1), Breslow baseline",0.0031385585441281,0.0079447727527518,-0.0390192928210261,0.0501026241179061,0.0048062142086237,0.0891219169389322,18.54305968698225,-0.0036755923370645,0.0155822119960762,-0.0536349945993009,0.0721820585992892,-0.0049491416756177,0.0170096320614907,-0.0593118169564816,0.0807578375252203,0.0219587737371085,0.1400696544817019,6.3787557610740295,DEFER,DEFER,2.3262768061402355,2.7212252318955894,999,999,114,60,"unpenalized Cox PH for censoring, H=Z=(q0,q1), Breslow baseline",0.0031922206426274,0.0080404599785906,-0.0390829928706554,0.0503156734918735,0.0048482393359631,0.089398666362529,18.43940865282558,-0.0032769954285805,0.0153053382823551,-0.0533524532417979,0.0714600676823907,-0.0044294984119809,0.0165995899856478,-0.0597860551816729,0.0809933374727956,0.0210290883976288,0.1407793926544686,6.694507626414387,DEFER,DEFER,2.309135246509982,2.843643378508085,999,999,False,False
NSCLC-Stanford,InductiveSparsePCA_SRDO,52,0.3,114,59,"unpenalized Cox PH for censoring, H=Z=(q0,q1), Breslow baseline",0.0020231486205078,0.0092172093681143,-0.0611976927107732,0.0724380506993953,0.0071940607476065,0.1336357434101685,18.575843059794792,-0.0045961444125005,0.0170602049547515,-0.0838209066132391,0.1027460395276497,-0.0058332752613558,0.0185260430343288,-0.0926078925836083,0.1145178361332128,0.0243593182956846,0.2071257287168212,8.502936174265361,DEFER,DEFER,2.3262768061402355,2.7212252318955894,999,999,114,60,"unpenalized Cox PH for censoring, H=Z=(q0,q1), Breslow baseline",0.002068533666631,0.0093256241724544,-0.0613268555191432,0.0727210133582287,0.0072570905058234,0.134047868877372,18.47129628186469,-0.0042142703149405,0.0167914685400424,-0.0833379969478184,0.1018166077086672,-0.005333563634746,0.0181215227247439,-0.0932620528343866,0.1149347963006728,0.0234550863594899,0.2081968491350594,8.876405140619845,DEFER,DEFER,2.309135246509982,2.843643378508085,999,999,False,False
NSCLC-Stanford,InductiveSparsePCA_SRDO,52,0.5,114,59,"unpenalized Cox PH for censoring, H=Z=(q0,q1), Breslow baseline",-8.793872926941834e-05,0.0118211533335154,-0.1053557563005803,0.1170889709048264,0.0119090920627849,0.2224447272054067,18.67856307035624,-0.0063446217309971,0.0200585257523811,-0.1439943681363016,0.1634512097583201,-0.0075139815877593,0.0215980719670705,-0.1590018264743945,0.1814585691068585,0.0291120535548298,0.3404603955812531,11.69482581982845,DEFER,DEFER,2.3262768061402355,2.7212252318955894,999,999,114,60,"unpenalized Cox PH for censoring, H=Z=(q0,q1), Breslow baseline",-5.658844158701719e-05,0.0119574821592988,-0.1056074476981612,0.1175083414158731,0.0120140706008859,0.2231157891140343,18.57120675631637,-0.0059945089146405,0.0198122859807616,-0.1430899962458351,0.1621366396772359,-0.0070523605901853,0.0212116340221032,-0.1599895699350725,0.1822579826572603,0.0282639946122886,0.3422475525923327,12.108959023206497,DEFER,DEFER,2.309135246509982,2.843643378508085,999,999,False,False
NSCLC-VA,InductiveSparsePCA_SRDO,52,0.0,114,80,"unpenalized Cox PH for censoring, H=Z=(q0,q1), Breslow baseline",0.0057828417954331,0.0057828417954331,0.0057828417954331,0.0057828417954331,0.0,0.0,inf,-0.0024404664873659,0.0140061500782323,-0.0024404664873659,0.0140061500782323,-0.0038630060350484,0.0154286896259147,-0.0065473266383807,0.018113010229247,0.0192916956609632,0.0246603368676277,1.2782876788548971,DEFER,DEFER,2.299015639197528,2.9388033650809144,999,999,114,80,"unpenalized Cox PH for censoring, H=Z=(q0,q1), Breslow baseline",0.0057828417954331,0.0057828417954331,0.0057828417954332,0.0057828417954332,0.0,0.0,inf,-0.0024404664873659,0.0140061500782323,-0.0024404664873658,0.0140061500782324,-0.0038630060350484,0.0154286896259148,-0.0065473266383806,0.0181130102292472,0.0192916956609632,0.0246603368676278,1.278287678854901,DEFER,DEFER,2.299015639197527,2.938803365080923,999,999,False,False
NSCLC-VA,InductiveSparsePCA_SRDO,52,0.1,114,80,"unpenalized Cox PH for censoring, H=Z=(q0,q1), Breslow baseline",0.0044302070108709,0.0071823565709305,-0.0164249390031529,0.0280375025849544,0.0027521495600596,0.0444624415881074,16.15553247300412,-0.0035238998346899,0.01566586302507,-0.0222718997308253,0.0424150967020628,-0.0048998705711842,0.017133413920526,-0.0251919714575845,0.0495955119700306,0.0220332844917102,0.0747874834276151,3.394295728163137,DEFER,DEFER,2.299015639197528,2.9388033650809144,999,999,114,80,"unpenalized Cox PH for censoring, H=Z=(q0,q1), Breslow baseline",0.0044302070108709,0.0071823565709306,-0.0164249390031529,0.0280375025849544,0.0027521495600596,0.0444624415881073,16.15553247300407,-0.0035238998346899,0.01566586302507,-0.0222718997308253,0.0424150967020628,-0.0048998705711842,0.017133413920526,-0.0251919714575845,0.0495955119700307,0.0220332844917102,0.0747874834276152,3.394295728163133,DEFER,DEFER,2.299015639197527,2.938803365080923,999,999,False,False
NSCLC-VA,InductiveSparsePCA_SRDO,52,0.2,114,80,"unpenalized Cox PH for censoring, H=Z=(q0,q1), Breslow baseline",0.003127932637859,0.0086246181304148,-0.0385564890113938,0.0503090397796676,0.0054966854925557,0.0888655287910614,16.167111782439413,-0.0045506322462547,0.0173566766577888,-0.0488416327018646,0.0714844215321894,-0.005878937332414,0.0188672242574514,-0.0539782085564034,0.0820597676716332,0.0247461615898654,0.1360379762280367,5.497336454949431,DEFER,DEFER,2.299015639197528,2.9388033650809144,999,999,114,80,"unpenalized Cox PH for censoring, H=Z=(q0,q1), Breslow baseline",0.003127932637859,0.0086246181304148,-0.0385564890113937,0.0503090397796676,0.0054966854925557,0.0888655287910614,16.16711178243937,-0.0045506322462547,0.0173566766577889,-0.0488416327018645,0.0714844215321894,-0.005878937332414,0.0188672242574515,-0.0539782085564034,0.0820597676716334,0.0247461615898655,0.1360379762280368,5.497336454949423,DEFER,DEFER,2.299015639197527,2.938803365080923,999,999,False,False
NSCLC-VA,InductiveSparsePCA_SRDO,52,0.3,114,80,"unpenalized Cox PH for censoring, H=Z=(q0,q1), Breslow baseline",0.0018788357196521,0.0101048677697476,-0.0605824460997841,0.0725661495891839,0.0082260320500954,0.133148595688968,16.186248105783,-0.0055204818217294,0.0190712610238713,-0.077260485738803,0.1006020327936944,-0.0068004802684,0.0206223458872157,-0.0855897826634728,0.1146036301522597,0.0274228261556158,0.2001934128157326,7.300247307833938,DEFER,DEFER,2.299015639197528,2.9388033650809144,999,999,114,80,"unpenalized Cox PH for censoring, H=Z=(q0,q1), Breslow baseline",0.0018788357196521,0.0101048677697476,-0.060582446099784,0.0725661495891838,0.0082260320500954,0.1331485956889679,16.186248105782965,-0.0055204818217295,0.0190712610238714,-0.0772604857388029,0.1006020327936944,-0.0068004802684,0.0206223458872158,-0.0855897826634728,0.1146036301522598,0.0274228261556158,0.2001934128157327,7.300247307833929,DEFER,DEFER,2.299015639197527,2.938803365080923,999,999,False,False
NSCLC-VA,InductiveSparsePCA_SRDO,52,0.5,114,80,"unpenalized Cox PH for censoring, H=Z=(q0,q1), Breslow baseline",-0.0004518307456013,0.0131574532188944,-0.104196375325137,0.11690199779843,0.0136092839644958,0.2210983731235671,16.246142978600005,-0.0072916903732418,0.0225402657689617,-0.1340534090529536,0.1582074872899092,-0.0084749089133113,0.0241633864719616,-0.1489645199863424,0.1788361519315528,0.032638295385273,0.3278006719178953,10.043437258240036,DEFER,DEFER,2.299015639197528,2.9388033650809144,999,999,114,80,"unpenalized Cox PH for censoring, H=Z=(q0,q1), Breslow baseline",-0.0004518307456013,0.0131574532188944,-0.1041963753251369,0.11690199779843,0.0136092839644958,0.221098373123567,16.246142978599966,-0.0072916903732418,0.0225402657689618,-0.1340534090529535,0.1582074872899092,-0.0084749089133113,0.0241633864719617,-0.1489645199863424,0.178836151931553,0.0326382953852731,0.3278006719178955,10.043437258240024,DEFER,DEFER,2.299015639197527,2.938803365080923,999,999,False,False
NSCLC-Stanford,InductiveSparsePCA_SRDO,42,0.0,114,59,"unpenalized Cox PH for censoring, H=Z=(q0,q1), Breslow baseline",0.001723464104513,0.001723464104513,0.001723464104513,0.001723464104513,0.0,0.0,inf,-0.0104456481679827,0.0138925763770088,-0.0104456481679827,0.0138925763770088,-0.013146208845154,0.0165931370541801,-0.0150064618092717,0.0184533900182979,0.0297393458993341,0.0334598518275696,1.1251038251086347,DEFER,DEFER,2.3949177878083363,2.6945311638838683,999,999,114,60,"unpenalized Cox PH for censoring, H=Z=(q0,q1), Breslow baseline",0.0016459294557753,0.0016459294557753,0.0016459294557753,0.0016459294557753,0.0,0.0,inf,-0.0102464375805174,0.0135382964920681,-0.0102464375805174,0.0135382964920681,-0.013362545295603,0.0166544042071537,-0.0146435111505995,0.0179353700621502,0.0300169495027567,0.0325788812127497,1.0853495026121078,DEFER,DEFER,2.4735252356246,2.6846393841836558,999,999,False,False
NSCLC-Stanford,InductiveSparsePCA_SRDO,42,0.1,114,59,"unpenalized Cox PH for censoring, H=Z=(q0,q1), Breslow baseline",0.0001514825101948,0.0033563971899078,-0.01201024258319,0.0155181222832926,0.0032049146797129,0.0275283648664827,8.589422065035507,-0.0116377750435113,0.015929692574,-0.0236600391702379,0.0329779174942521,-0.0142540386336289,0.018719949277727,-0.0280262205319251,0.0395216053483148,0.032973987911356,0.06754782588024,2.048518549282813,DEFER,DEFER,2.3949177878083363,2.6945311638838683,999,999,114,60,"unpenalized Cox PH for censoring, H=Z=(q0,q1), Breslow baseline",8.891263067397255e-05,0.0032637207054896,-0.012106972085178,0.0154596054213416,0.0031748080748156,0.0275665775065196,8.682911488474774,-0.0114092000738009,0.0155764067784183,-0.0235299507771085,0.032838689485256,-0.014422002958037,0.0188026489510818,-0.0277534731040443,0.0392644170949459,0.0332246519091189,0.0670178901989902,2.01711338864611,DEFER,DEFER,2.4735252356246,2.6846393841836558,999,999,False,False
NSCLC-Stanford,InductiveSparsePCA_SRDO,42,0.2,114,59,"unpenalized Cox PH for censoring, H=Z=(q0,q1), Breslow baseline",-0.0013593559512534,0.005049597026906,-0.0257192825564941,0.0294095236321467,0.0064089529781595,0.0551288061886409,8.601842824640615,-0.0127946350040638,0.0180494562309853,-0.0420546702036441,0.0540292984980375,-0.0153323439388641,0.02093437567204,-0.0481769457771265,0.0632564469160535,0.0362667196109041,0.11143339269318,3.072607445302991,DEFER,DEFER,2.3949177878083363,2.6945311638838683,999,999,114,60,"unpenalized Cox PH for censoring, H=Z=(q0,q1), Breslow baseline",-0.0014071753550605,0.0049416433511458,-0.0258354669811931,0.0293699349772785,0.0063488187062063,0.0552054019584717,8.695381694315062,-0.0125391294582779,0.017698252592494,-0.0422128495948913,0.0541135969181787,-0.0154559893196624,0.0210408141156951,-0.0482682089710398,0.0632622972244632,0.0364968034353575,0.111530506195503,3.055897933446243,DEFER,DEFER,2.4735252356246,2.6846393841836558,999,999,False,False
NSCLC-Stanford,InductiveSparsePCA_SRDO,42,0.3,114,59,"unpenalized Cox PH for censoring, H=Z=(q0,q1), Breslow baseline",-0.0028093215039097,0.0068018591790525,-0.0394396011377876,0.0434321388129305,0.0096111806829623,0.0828717399507182,8.622430758962265,-0.0139176541899124,0.0202483145099034,-0.0626740553513657,0.0758557666759724,-0.0163828074212255,0.0232323422434554,-0.0713820049003806,0.0880076904109575,0.039615149664681,0.1593896953113382,4.023453064306921,DEFER,DEFER,2.3949177878083363,2.6945311638838683,999,999,114,60,"unpenalized Cox PH for censoring, H=Z=(q0,q1), Breslow baseline",-0.0028426370199638,0.0066785385419837,-0.0395755714381583,0.0434114729601781,0.0095211755619476,0.0829870443983364,8.716050224932614,-0.0136381168166611,0.0198998040653579,-0.063083679581327,0.0761366924167584,-0.0164668117080883,0.0233641175510459,-0.0717755472880255,0.0882364869411395,0.0398309292591343,0.160012034229165,4.017280972486218,DEFER,DEFER,2.4735252356246,2.6846393841836558,999,999,False,False
NSCLC-Stanford,InductiveSparsePCA_SRDO,42,0.5,114,59,"unpenalized Cox PH for censoring, H=Z=(q0,q1), Breslow baseline",-0.0055298062771495,0.0104760293835488,-0.0670511993117819,0.0719974224181812,0.0160058356606983,0.1390486217299631,8.687370324024455,-0.0160680938119999,0.0248644306948944,-0.1057931679817466,0.1206374441704933,-0.0184067430317679,0.0280574944055976,-0.1203131177729672,0.1388670462772903,0.0464642374373655,0.2591801640502575,5.578056981988266,DEFER,DEFER,2.3949177878083363,2.6945311638838683,999,999,114,60,"unpenalized Cox PH for censoring, H=Z=(q0,q1), Breslow baseline",-0.0055349567879098,0.0103219025859241,-0.0672279141021597,0.072014859900174,0.0158568593738339,0.1392427740023337,8.781232822945015,-0.0157506476147955,0.0245213052981005,-0.1065746031929362,0.1212399079552764,-0.0184274228020598,0.0282419160231133,-0.121122614210701,0.1394403349290291,0.0466693388251731,0.2605629491397302,5.583172071835397,DEFER,DEFER,2.4735252356246,2.6846393841836558,999,999,False,False
NSCLC-VA,InductiveSparsePCA_SRDO,42,0.0,114,80,"unpenalized Cox PH for censoring, H=Z=(q0,q1), Breslow baseline",0.0221369752294749,0.0221369752294749,0.0221369752294749,0.0221369752294749,0.0,0.0,inf,-0.011773495931095,0.0560474463900449,-0.011773495931095,0.0560474463900449,-0.0156808266269402,0.0599547770858902,-0.0213821549652635,0.0656561054242134,0.0756356037128304,0.087038260389477,1.150757792850304,DEFER,DEFER,2.185800641402824,2.5153271217114925,999,999,114,80,"unpenalized Cox PH for censoring, H=Z=(q0,q1), Breslow baseline",0.0221369752294751,0.0221369752294751,0.0221369752294751,0.0221369752294751,0.0,0.0,inf,-0.011773495931095,0.0560474463900453,-0.011773495931095,0.0560474463900453,-0.0156808266269405,0.0599547770858907,-0.0213821549652636,0.0656561054242139,0.0756356037128313,0.0870382603894775,1.150757792850298,DEFER,DEFER,2.185800641402833,2.51532712171149,999,999,False,False
NSCLC-VA,InductiveSparsePCA_SRDO,42,0.1,114,80,"unpenalized Cox PH for censoring, H=Z=(q0,q1), Breslow baseline",0.0199785586603412,0.0243501097262718,0.0073377630433607,0.0369909053432523,0.0043715510659306,0.0296531422998915,6.78320848885681,-0.013987032056182,0.0582326230689251,-0.0263751960043341,0.0728493651653976,-0.017900713897427,0.0621367323279576,-0.0359278892414263,0.0830099940841152,0.0800374462253847,0.1189378833255416,1.486027964843026,DEFER,DEFER,2.185800641402824,2.5153271217114925,999,999,114,80,"unpenalized Cox PH for censoring, H=Z=(q0,q1), Breslow baseline",0.0199785586603414,0.024350109726272,0.0073377630433609,0.0369909053432524,0.0043715510659306,0.0296531422998915,6.783208488856788,-0.013987032056182,0.0582326230689255,-0.0263751960043341,0.072849365165398,-0.0179007138974273,0.0621367323279582,-0.0359278892414264,0.0830099940841156,0.0800374462253855,0.118937883325542,1.486027964843016,DEFER,DEFER,2.185800641402833,2.51532712171149,999,999,False,False
NSCLC-VA,InductiveSparsePCA_SRDO,42,0.2,114,80,"unpenalized Cox PH for censoring, H=Z=(q0,q1), Breslow baseline",0.0178725760424966,0.0266196494703397,-0.0074328762781309,0.0519251017909673,0.008747073427843,0.0593579780690983,6.786038617231006,-0.0161753267667673,0.0605007436105113,-0.0427203417667714,0.09120711915163,-0.0200984930107823,0.0644046893420778,-0.0527191773021086,0.1023378259237548,0.0845031823528602,0.1550570032258635,1.8349250159407189,DEFER,DEFER,2.185800641402824,2.5153271217114925,999,999,114,80,"unpenalized Cox PH for censoring, H=Z=(q0,q1), Breslow baseline",0.0178725760424968,0.0266196494703399,-0.0074328762781308,0.0519251017909675,0.008747073427843,0.0593579780690983,6.786038617231007,-0.0161753267667674,0.0605007436105117,-0.0427203417667715,0.0912071191516304,-0.0200984930107826,0.0644046893420784,-0.0527191773021087,0.1023378259237552,0.084503182352861,0.155057003225864,1.834925015940707,DEFER,DEFER,2.185800641402833,2.51532712171149,999,999,False,False
NSCLC-VA,InductiveSparsePCA_SRDO,42,0.3,114,80,"unpenalized Cox PH for censoring, H=Z=(q0,q1), Breslow baseline",0.0158162580939316,0.0289465798629918,-0.0222006630467761,0.0669635010036997,0.0131303217690602,0.0891641640504759,6.790706703058789,-0.0183406354069032,0.0628515430881271,-0.0605875480435874,0.1107658386754218,-0.0222763600926078,0.066758239132655,-0.071464615707191,0.1231773951410978,0.0890345992252628,0.1946420108482889,2.186139012720583,DEFER,DEFER,2.185800641402824,2.5153271217114925,999,999,114,80,"unpenalized Cox PH for censoring, H=Z=(q0,q1), Breslow baseline",0.0158162580939318,0.028946579862992,-0.022200663046776,0.0669635010036999,0.0131303217690602,0.0891641640504759,6.790706703058786,-0.0183406354069033,0.0628515430881275,-0.0605875480435875,0.1107658386754221,-0.022276360092608,0.0667582391326556,-0.0714646157071911,0.1231773951410981,0.0890345992252637,0.1946420108482892,2.1861390127205658,DEFER,DEFER,2.185800641402833,2.51532712171149,999,999,False,False
NSCLC-VA,InductiveSparsePCA_SRDO,42,0.5,114,80,"unpenalized Cox PH for censoring, H=Z=(q0,q1), Breslow baseline",0.0118398013388683,0.0337724795287809,-0.0518224544696668,0.097434735337316,0.0219326781899125,0.1492571898069829,6.805242319911043,-0.0226106741256909,0.0677928179707337,-0.0994844349656842,0.1522383092837933,-0.026580226764218,0.0717128081132432,-0.1129896356840963,0.1677671072592647,0.0982930348774612,0.2807567429433611,2.856323881884119,DEFER,DEFER,2.185800641402824,2.5153271217114925,999,999,114,80,"unpenalized Cox PH for censoring, H=Z=(q0,q1), Breslow baseline",0.0118398013388685,0.0337724795287811,-0.0518224544696667,0.0974347353373163,0.0219326781899126,0.149257189806983,6.8052423199110335,-0.022610674125691,0.0677928179707341,-0.0994844349656843,0.1522383092837936,-0.0265802267642183,0.0717128081132437,-0.1129896356840964,0.167767107259265,0.098293034877462,0.2807567429433614,2.856323881884097,DEFER,DEFER,2.185800641402833,2.51532712171149,999,999,False,False
NSCLC-Stanford,InductiveSparsePCA_SRDO,62,0.0,114,59,"unpenalized Cox PH for censoring, H=Z=(q0,q1), Breslow baseline",-0.0005177135231747,-0.0005177135231747,-0.0005177135231747,-0.0005177135231747,0.0,0.0,inf,-0.0091458839763974,0.0081104569300478,-0.0091458839763974,0.0081104569300478,-0.010990428117845,0.0099550010714954,-0.0118221803214136,0.010786753275064,0.0209454291893404,0.0226089335964776,1.079420879472063,DEFER,DEFER,2.3789682340193106,2.567907983401223,999,999,114,60,"unpenalized Cox PH for censoring, H=Z=(q0,q1), Breslow baseline",-0.000547183915576,-0.000547183915576,-0.000547183915576,-0.000547183915576,0.0,0.0,inf,-0.0091367248079943,0.0080423569768422,-0.0091367248079943,0.0080423569768422,-0.0113475451966437,0.0102531773654915,-0.0119380627456159,0.0108436949144637,0.0216007225621352,0.0227817576600796,1.054675721821209,DEFER,DEFER,2.464429635534771,2.599174104735214,999,999,False,False
NSCLC-Stanford,InductiveSparsePCA_SRDO,62,0.1,114,59,"unpenalized Cox PH for censoring, H=Z=(q0,q1), Breslow baseline",-0.0016499284410519,0.0006534611813006,-0.011800176246248,0.0108037089864966,0.0023033896223525,0.0226038852327447,9.813313828191156,-0.0100514497836145,0.0095294438801326,-0.0202904348508335,0.0240826484423547,-0.0118475405140523,0.01142696572158,-0.022923953531866,0.0282015259406697,0.0232745062356324,0.0511254794725357,2.1966300360978,DEFER,DEFER,2.3789682340193106,2.567907983401223,999,999,114,60,"unpenalized Cox PH for censoring, H=Z=(q0,q1), Breslow baseline",-0.0016658748978241,0.0006102490557189,-0.011853433786807,0.0107978079447018,0.0022761239535431,0.0226512417315089,9.951673192599609,-0.0100109391178886,0.0094656318657937,-0.0203940851308428,0.0240018685259886,-0.0121588348382048,0.0117448760199357,-0.0231794785437974,0.0283081564056657,0.0239037108581405,0.0514876349494631,2.1539599125433995,DEFER,DEFER,2.464429635534771,2.599174104735214,999,999,False,False
NSCLC-Stanford,InductiveSparsePCA_SRDO,62,0.2,114,59,"unpenalized Cox PH for censoring, H=Z=(q0,q1), Breslow baseline",-0.0027427292229214,0.00186302403356,-0.0230786508268157,0.0221989456374543,0.0046057532564815,0.0452775964642701,9.830660468090086,-0.0109392880090175,0.0110071256206107,-0.0360673126505063,0.0416456412937927,-0.0126915615148425,0.0129619663487393,-0.0400961514818499,0.0476776408688894,0.0256535278635818,0.0877737923507394,3.4215096191640875,DEFER,DEFER,2.3789682340193106,2.567907983401223,999,999,114,60,"unpenalized Cox PH for censoring, H=Z=(q0,q1), Breslow baseline",-0.0027453998998192,0.0018058838550636,-0.0231561836126334,0.0222166675678779,0.0045512837548828,0.0453728511805113,9.969242443262925,-0.0108681418990564,0.0109473806507008,-0.036244009110924,0.0415854554402052,-0.0129588151781722,0.0133002662998518,-0.0405123888239414,0.047902268055928,0.0262590814780241,0.0884146568798695,3.3670125496911387,DEFER,DEFER,2.464429635534771,2.599174104735214,999,999,False,False
NSCLC-Stanford,InductiveSparsePCA_SRDO,62,0.3,114,59,"unpenalized Cox PH for censoring, H=Z=(q0,q1), Breslow baseline",-0.0037957684277481,0.0031102721702516,-0.0343877052252566,0.0337022089677601,0.0069060405979998,0.0680899141930167,9.859472041438206,-0.0118092456293358,0.0125416141951251,-0.0534574519612497,0.0597841881842115,-0.013522379659887,0.01455786164553,-0.0593725290643986,0.0678743280378703,0.0280802413054171,0.127246857102269,4.531544288322091,DEFER,DEFER,2.3789682340193106,2.567907983401223,999,999,114,60,"unpenalized Cox PH for censoring, H=Z=(q0,q1), Breslow baseline",-0.0037854404802807,0.0030390499767802,-0.0344902623985537,0.0337438718950531,0.006824490457061,0.0682341342936068,9.998421819611112,-0.0117084902503404,0.012485549707267,-0.0536798521079049,0.0597558290586593,-0.013747765712361,0.0149169385867314,-0.0599382221807044,0.0682392024248091,0.0286647042990925,0.1281774246055135,4.471611612249269,DEFER,DEFER,2.464429635534771,2.599174104735214,999,999,False,False
NSCLC-Stanford,InductiveSparsePCA_SRDO,62,0.5,114,59,"unpenalized Cox PH for censoring, H=Z=(q0,q1), Breslow baseline",-0.0057816693229496,0.0057142507161189,-0.0572307181478132,0.0571632995409824,0.0114959200390686,0.1143940176887957,9.950836235814934,-0.01349384573429,0.0157711348149436,-0.0895589714675616,0.0969782262724053,-0.0151425671978344,0.0179211116549092,-0.0995865881760477,0.1093280683931756,0.0330636788527437,0.2089146565692233,6.318554492973098,DEFER,DEFER,2.3789682340193106,2.567907983401223,999,999,114,60,"unpenalized Cox PH for censoring, H=Z=(q0,q1), Breslow baseline",-0.0057462833711402,0.0056145349708636,-0.0573865207144609,0.0572547723141843,0.0113608183420038,0.1146412930286453,10.090936196452253,-0.0133381564287542,0.0157208299287285,-0.0898687748355342,0.0970349463872765,-0.0152921919184305,0.018322040310796,-0.1004623294746585,0.1100085979702738,0.0336142322292265,0.2104709274449324,6.261363520358336,DEFER,DEFER,2.464429635534771,2.599174104735214,999,999,False,False
NSCLC-VA,InductiveSparsePCA_SRDO,62,0.0,114,80,"unpenalized Cox PH for censoring, H=Z=(q0,q1), Breslow baseline",-0.0027152813995012,-0.0027152813995012,-0.0027152813995012,-0.0027152813995012,0.0,0.0,inf,-0.0144276891407282,0.0089971263417257,-0.0144276891407282,0.0089971263417256,-0.0170561485725824,0.0116255857735799,-0.0182619736014966,0.0128314108024941,0.0286817343461623,0.0310933844039908,1.084083132098013,DEFER,DEFER,2.3998125566765256,2.6015963128900275,999,999,114,80,"unpenalized Cox PH for censoring, H=Z=(q0,q1), Breslow baseline",-0.0027152813995012,-0.0027152813995012,-0.0027152813995012,-0.0027152813995012,0.0,0.0,inf,-0.0144276891407282,0.0089971263417257,-0.0144276891407282,0.0089971263417257,-0.0170561485725824,0.0116255857735799,-0.0182619736014966,0.0128314108024941,0.0286817343461623,0.0310933844039908,1.0840831320980129,DEFER,DEFER,2.3998125566765243,2.601596312890025,999,999,False,False
NSCLC-VA,InductiveSparsePCA_SRDO,62,0.1,114,80,"unpenalized Cox PH for censoring, H=Z=(q0,q1), Breslow baseline",-0.0042334633590509,-0.0011511491826782,-0.0152613323509961,0.0098767198092669,0.0030823141763726,0.025138052160263,8.155577505030973,-0.0157301820665269,0.0108029847338201,-0.0256589021808845,0.0258157835309905,-0.0183102372857174,0.0134856915466873,-0.0290627488799851,0.0310337460283412,0.0317959288324048,0.0600964949083263,1.890068858346386,DEFER,DEFER,2.3998125566765256,2.6015963128900275,999,999,114,80,"unpenalized Cox PH for censoring, H=Z=(q0,q1), Breslow baseline",-0.0042334633590509,-0.0011511491826783,-0.0152613323509961,0.0098767198092669,0.0030823141763726,0.025138052160263,8.155577505030962,-0.0157301820665269,0.0108029847338201,-0.0256589021808845,0.0258157835309905,-0.0183102372857174,0.0134856915466873,-0.0290627488799851,0.0310337460283412,0.0317959288324048,0.0600964949083263,1.8900688583463852,DEFER,DEFER,2.3998125566765243,2.601596312890025,999,999,False,False
NSCLC-VA,InductiveSparsePCA_SRDO,62,0.2,114,80,"unpenalized Cox PH for censoring, H=Z=(q0,q1), Breslow baseline",-0.0057045645184012,0.0004576768943424,-0.0277905854178465,0.0225436977937877,0.0061622414127436,0.0503342832116343,8.168177752261023,-0.0170118684792561,0.0126788227253368,-0.040677193610773,0.0439674748608891,-0.019549415873558,0.0154214514603724,-0.0448958754256338,0.0509809649403208,0.0349708673339304,0.0958768403659547,2.7416203164320776,DEFER,DEFER,2.3998125566765256,2.6015963128900275,999,999,114,80,"unpenalized Cox PH for censoring, H=Z=(q0,q1), Breslow baseline",-0.0057045645184012,0.0004576768943424,-0.0277905854178465,0.0225436977937877,0.0061622414127436,0.0503342832116343,8.168177752261021,-0.0170118684792561,0.0126788227253368,-0.040677193610773,0.0439674748608891,-0.019549415873558,0.0154214514603724,-0.0448958754256338,0.0509809649403208,0.0349708673339305,0.0958768403659546,2.741620316432076,DEFER,DEFER,2.3998125566765243,2.601596312890025,999,999,False,False
NSCLC-VA,InductiveSparsePCA_SRDO,62,0.3,114,80,"unpenalized Cox PH for censoring, H=Z=(q0,q1), Breslow baseline",-0.0071275666387706,0.0021097936010082,-0.0403315990850781,0.0353138260473157,0.0092373602397788,0.0756454251323939,8.18907384456459,-0.0182714850519418,0.0146219574726789,-0.0579314630550477,0.0627298017035635,-0.0207723660072564,0.0174298955045522,-0.0636931208134398,0.0717049545293602,0.0382022615118086,0.1353980753428,3.544242408291649,DEFER,DEFER,2.3998125566765256,2.6015963128900275,999,999,114,80,"unpenalized Cox PH for censoring, H=Z=(q0,q1), Breslow baseline",-0.0071275666387706,0.0021097936010082,-0.0403315990850781,0.0353138260473158,0.0092373602397788,0.0756454251323939,8.189073844564591,-0.0182714850519418,0.0146219574726789,-0.0579314630550476,0.0627298017035635,-0.0207723660072564,0.0174298955045522,-0.0636931208134397,0.0717049545293602,0.0382022615118086,0.1353980753428,3.544242408291647,DEFER,DEFER,2.3998125566765243,2.601596312890025,999,999,False,False
NSCLC-VA,InductiveSparsePCA_SRDO,62,0.5,114,80,"unpenalized Cox PH for censoring, H=Z=(q0,q1), Breslow baseline",-0.0098257334569833,0.0055373805441219,-0.0655559818825118,0.0612676289696504,0.0153631140011052,0.1268236108521623,8.255071910749216,-0.0207178795800689,0.0186958840018557,-0.0946503946943701,0.1012128207803858,-0.0231622586388328,0.0216488714051907,-0.1041750165658423,0.1142896561865849,0.0448111300440235,0.2184646727524273,4.8752323928854775,DEFER,DEFER,2.3998125566765256,2.6015963128900275,999,999,114,80,"unpenalized Cox PH for censoring, H=Z=(q0,q1), Breslow baseline",-0.0098257334569833,0.0055373805441219,-0.0655559818825119,0.0612676289696504,0.0153631140011052,0.1268236108521623,8.255071910749223,-0.0207178795800689,0.0186958840018557,-0.0946503946943702,0.1012128207803858,-0.0231622586388328,0.0216488714051907,-0.1041750165658423,0.1142896561865848,0.0448111300440235,0.2184646727524272,4.875232392885475,DEFER,DEFER,2.3998125566765243,2.601596312890025,999,999,False,False
NSCLC-Stanford,InductiveSparsePCA_SRDO,72,0.0,114,59,"unpenalized Cox PH for censoring, H=Z=(q0,q1), Breslow baseline",-0.010379522092933,-0.010379522092933,-0.0103795220929329,-0.0103795220929329,0.0,0.0,inf,-0.0260403491285648,0.0052813049426988,-0.0260403491285648,0.0052813049426988,-0.0274597819882181,0.0067007378023521,-0.0305019748158785,0.0097429306300125,0.0341605197905703,0.040244905445891,1.178111623963058,DEFER,DEFER,2.137607047519009,2.5183397101474965,999,999,114,60,"unpenalized Cox PH for censoring, H=Z=(q0,q1), Breslow baseline",-0.0102110076212175,-0.0102110076212175,-0.0102110076212175,-0.0102110076212175,0.0,0.0,inf,-0.0258269659705631,0.005404950728128,-0.0258269659705631,0.005404950728128,-0.0283218996570493,0.0078998844146142,-0.0305507662813576,0.0101287510389225,0.0362217840716636,0.0406795173202802,1.1230677439796208,DEFER,DEFER,2.273103918698093,2.552849689803504,999,999,False,False
NSCLC-Stanford,InductiveSparsePCA_SRDO,72,0.1,114,59,"unpenalized Cox PH for censoring, H=Z=(q0,q1), Breslow baseline",-0.0117364411156945,-0.008956273287676,-0.0276908129135097,0.0069980985101392,0.0027801678280184,0.034688911423649,12.47727244163274,-0.027167871153174,0.006963014514453,-0.0423697051493565,0.0277647941998333,-0.0285665124137412,0.0084058731934493,-0.0465515866369532,0.0336810349397993,0.0369723856071905,0.0802326215767526,2.17006882999588,DEFER,DEFER,2.137607047519009,2.5183397101474965,999,999,114,60,"unpenalized Cox PH for censoring, H=Z=(q0,q1), Breslow baseline",-0.0115468222142995,-0.0088100585526616,-0.0276022912398574,0.0072454104728962,0.0027367636616379,0.0348477017127537,12.733179046924898,-0.0269443625282255,0.0070507442849234,-0.042115725819412,0.0281345006790108,-0.0294043999565306,0.0095847963366098,-0.0465060146024548,0.0344534142288792,0.0389891962931404,0.080959428831334,2.076458007049959,DEFER,DEFER,2.273103918698093,2.552849689803504,999,999,False,False
NSCLC-Stanford,InductiveSparsePCA_SRDO,72,0.2,114,59,"unpenalized Cox PH for censoring, H=Z=(q0,q1), Breslow baseline",-0.0130282718794829,-0.0074657587786927,-0.0449623726924553,0.0244683420342795,0.0055625131007902,0.0694307147267348,12.481896845667018,-0.0282589725926332,0.0087408363001697,-0.063398856898954,0.0522722196533741,-0.0296394205739948,0.0102097353273854,-0.068651241803807,0.0601932888478704,0.0398491559013803,0.1288445306516775,3.233306396013631,DEFER,DEFER,2.137607047519009,2.5183397101474965,999,999,114,60,"unpenalized Cox PH for censoring, H=Z=(q0,q1), Breslow baseline",-0.0128187236808896,-0.0073430533853079,-0.0449548239313495,0.0247930468651518,0.0054756702955816,0.0697478707965013,12.737777665828636,-0.0280242377398058,0.0087884643704589,-0.0632531848393254,0.0528540365031969,-0.0304535954773999,0.0113657680595853,-0.0687884072707908,0.0613424371897263,0.0418193635369853,0.1301308444605172,3.1117366084595863,DEFER,DEFER,2.273103918698093,2.552849689803504,999,999,False,False
NSCLC-Stanford,InductiveSparsePCA_SRDO,72,0.3,114,59,"unpenalized Cox PH for censoring, H=Z=(q0,q1), Breslow baseline",-0.0142564950852247,-0.0059074193359228,-0.0622199596756347,0.0420560452544871,0.0083490757493018,0.1042760049301219,12.489526752567963,-0.0293142065405303,0.0106144360268168,-0.0870043466057235,0.0776627379038359,-0.0306789754880585,0.0121119089476884,-0.0940651906543816,0.0878067573865342,0.0427908844357469,0.1818719480409159,4.250249800608992,DEFER,DEFER,2.137607047519009,2.5183397101474965,999,999,114,60,"unpenalized Cox PH for censoring, H=Z=(q0,q1), Breslow baseline",-0.0140281676698787,-0.0058094402372805,-0.0622941343694834,0.0424565264623241,0.0082187274325982,0.1047506608318075,12.74536255045174,-0.0290674877696108,0.0106174686838744,-0.087033501980679,0.0784248385431151,-0.0314702929961145,0.0132419664902449,-0.0945171177662912,0.0893051905512975,0.0447122594863594,0.1838223083175887,4.11122833937006,DEFER,DEFER,2.273103918698093,2.552849689803504,999,999,False,False
NSCLC-Stanford,InductiveSparsePCA_SRDO,72,0.5,114,59,"unpenalized Cox PH for censoring, H=Z=(q0,q1), Breslow baseline",-0.0165288849121452,-0.0025873532814867,-0.0967854163781339,0.077669178184502,0.0139415316306584,0.1744545945626359,12.513301922939188,-0.0313180442017864,0.0146417194439458,-0.1365884880759117,0.1295594101517599,-0.032658472687115,0.0162032916337283,-0.1479280173815317,0.1443424603277843,0.0488617643208433,0.292270477709316,5.981578474943436,DEFER,DEFER,2.137607047519009,2.5183397101474965,999,999,114,60,"unpenalized Cox PH for censoring, H=Z=(q0,q1), Breslow baseline",-0.0162663300036116,-0.002542465588597,-0.0970242533011075,0.0782154577088988,0.0137238644150145,0.1752397110100063,12.768977141619542,-0.0310463812778103,0.0145411599602215,-0.1369702126177766,0.130611585438939,-0.0334077635885884,0.0172705802055599,-0.1490537960145634,0.1464613231827623,0.0506783437941483,0.2955151191973257,5.83119133485668,DEFER,DEFER,2.273103918698093,2.552849689803504,999,999,False,False
NSCLC-VA,InductiveSparsePCA_SRDO,72,0.0,114,80,"unpenalized Cox PH for censoring, H=Z=(q0,q1), Breslow baseline",-0.0161512703918633,-0.0161512703918633,-0.0161512703918633,-0.0161512703918633,0.0,0.0,inf,-0.0360175103427382,0.0037149695590115,-0.0360175103427382,0.0037149695590115,-0.0384553800428066,0.00615283925908,-0.0421282396657592,0.0098256988820326,0.0446082193018866,0.0519539385477919,1.1646718779826868,DEFER,DEFER,2.2004793927376265,2.562836466801933,999,999,114,80,"unpenalized Cox PH for censoring, H=Z=(q0,q1), Breslow baseline",-0.0161512703918633,-0.0161512703918633,-0.0161512703918633,-0.0161512703918633,0.0,0.0,inf,-0.0360175103427382,0.0037149695590115,-0.0360175103427382,0.0037149695590115,-0.0384553800428066,0.0061528392590799,-0.0421282396657592,0.0098256988820325,0.0446082193018866,0.0519539385477918,1.1646718779826866,DEFER,DEFER,2.2004793927376234,2.5628364668019303,999,999,False,False
NSCLC-VA,InductiveSparsePCA_SRDO,72,0.1,114,80,"unpenalized Cox PH for censoring, H=Z=(q0,q1), Breslow baseline",-0.0177326453026541,-0.0144873036938926,-0.0330629657277257,0.0008430167311789,0.0032453416087614,0.0339059824589046,10.447585045398254,-0.0372452346821359,0.0057644248921139,-0.050967814651943,0.0255099929143971,-0.0396397064360131,0.0082495995208267,-0.0564752325436039,0.0330973982334602,0.0478893059568399,0.0895726307770641,1.8704098751773772,DEFER,DEFER,2.2004793927376265,2.562836466801933,999,999,114,80,"unpenalized Cox PH for censoring, H=Z=(q0,q1), Breslow baseline",-0.0177326453026541,-0.0144873036938926,-0.0330629657277257,0.0008430167311789,0.0032453416087614,0.0339059824589046,10.447585045398275,-0.037245234682136,0.0057644248921139,-0.050967814651943,0.0255099929143971,-0.0396397064360131,0.0082495995208267,-0.0564752325436039,0.0330973982334602,0.0478893059568398,0.0895726307770641,1.8704098751773783,DEFER,DEFER,2.2004793927376234,2.5628364668019303,999,999,False,False
NSCLC-VA,InductiveSparsePCA_SRDO,72,0.2,114,80,"unpenalized Cox PH for censoring, H=Z=(q0,q1), Breslow baseline",-0.019232591422807,-0.0127400147910897,-0.0499190951520482,0.0179464889381513,0.0064925766317173,0.0678655840901995,10.4527967769629,-0.0384236973239531,0.0079281024398435,-0.0695214907927989,0.0489612357504477,-0.040778718490661,0.0104643738671166,-0.0755510632805771,0.0585011750273629,0.0512430923577776,0.1340522383079401,2.616006024226478,DEFER,DEFER,2.2004793927376265,2.562836466801933,999,999,114,80,"unpenalized Cox PH for censoring, H=Z=(q0,q1), Breslow baseline",-0.0192325914228071,-0.0127400147910897,-0.0499190951520482,0.0179464889381513,0.0064925766317173,0.0678655840901995,10.452796776962904,-0.0384236973239531,0.0079281024398435,-0.0695214907927989,0.0489612357504478,-0.040778718490661,0.0104643738671165,-0.075551063280577,0.0585011750273629,0.0512430923577775,0.13405223830794,2.61600602422648,DEFER,DEFER,2.2004793927376234,2.5628364668019303,999,999,False,False
NSCLC-VA,InductiveSparsePCA_SRDO,72,0.3,114,80,"unpenalized Cox PH for censoring, H=Z=(q0,q1), Breslow baseline",-0.0206526365552688,-0.0109091782022398,-0.0667460536378917,0.035184238880383,0.0097434583530289,0.1019302925182747,10.461407933928054,-0.0395542112091895,0.0102046287133582,-0.0908662833003995,0.0733012929575987,-0.0418737027811387,0.0127955925927795,-0.0982855128597504,0.0850258568727025,0.0546692953739183,0.1833113697324529,3.3530955260840503,DEFER,DEFER,2.2004793927376265,2.562836466801933,999,999,114,80,"unpenalized Cox PH for censoring, H=Z=(q0,q1), Breslow baseline",-0.0206526365552688,-0.0109091782022398,-0.0667460536378917,0.035184238880383,0.0097434583530289,0.1019302925182747,10.461407933928053,-0.0395542112091896,0.0102046287133582,-0.0908662833003995,0.0733012929575987,-0.0418737027811387,0.0127955925927794,-0.0982855128597504,0.0850258568727024,0.0546692953739182,0.1833113697324528,3.3530955260840525,DEFER,DEFER,2.2004793927376234,2.5628364668019303,999,999,False,False
NSCLC-VA,InductiveSparsePCA_SRDO,72,0.5,114,80,"unpenalized Cox PH for censoring, H=Z=(q0,q1), Breslow baseline",-0.0232605932462331,-0.0069989365435302,-0.1004086942098886,0.0701491644201253,0.0162616567027028,0.170557858630014,10.488344560961323,-0.0416758311751318,0.0150842658785546,-0.1371977402950879,0.1233293458691413,-0.04393564232598,0.0177941883499636,-0.1485138173803694,0.1396872321620516,0.0617298306759436,0.2882010495424211,4.668748421737274,DEFER,DEFER,2.2004793927376265,2.562836466801933,999,999,114,80,"unpenalized Cox PH for censoring, H=Z=(q0,q1), Breslow baseline",-0.0232605932462331,-0.0069989365435302,-0.1004086942098887,0.0701491644201252,0.0162616567027028,0.170557858630014,10.488344560961329,-0.0416758311751318,0.0150842658785546,-0.137197740295088,0.1233293458691413,-0.04393564232598,0.0177941883499635,-0.1485138173803695,0.1396872321620514,0.0617298306759435,0.2882010495424209,4.668748421737276,DEFER,DEFER,2.2004793927376234,2.5628364668019303,999,999,False,False
