dataset,contrast,seed,gamma,n_cal,n_target,censoring_model,L_dir,U_dir,L_sep,U_sep,W_dir,W_sep,ID_width_ratio,dir_pointwise_lower,dir_pointwise_upper,sep_pointwise_lower,sep_pointwise_upper,dir_sim_lower,dir_sim_upper,sep_sim_lower,sep_sim_upper,BandWidth_dir,BandWidth_sep,band_ratio,action_dir,action_sep,direct_sim_critical,separate_sim_critical,bootstrap_requested,bootstrap_valid,tau_days,G_tau_min,unstable_cell
NSCLC-Stanford-tau365,PET_radiomic_candidate,42,0.0,114,60,"unpenalized Cox PH for censoring, H=Z=(q0,q1), Breslow baseline",0.0110508759844715,0.0110508759844715,0.0110508759844714,0.0110508759844714,0.0,0.0,inf,-0.0025382340808425,0.0246399860497855,-0.0025382340808425,0.0246399860497855,-0.0041453247503753,0.0262470767193183,-0.0071525321241726,0.0292542840931155,0.0303924014696937,0.0364068162172882,1.197892053827727,DEFER,DEFER,2.1917554570526354,2.6254864459369096,999,999,365.0,0.3379894624318295,False
NSCLC-Stanford-tau365,PET_radiomic_candidate,42,0.1,114,60,"unpenalized Cox PH for censoring, H=Z=(q0,q1), Breslow baseline",0.0087019971536804,0.0135455644262168,-0.0096286399962733,0.0318762015761706,0.0048435672725363,0.041504841572444,8.569064748575208,-0.0040066466682136,0.0280525401214822,-0.0158717577561617,0.0545878147764977,-0.0055096106452818,0.0297681804519339,-0.0179916615559891,0.0622997364437328,0.0352777910972158,0.0802913979997219,2.27597577689774,DEFER,DEFER,2.1917554570526354,2.6254864459369096,999,999,365.0,0.3379894624318295,False
NSCLC-Stanford-tau365,PET_radiomic_candidate,42,0.2,114,60,"unpenalized Cox PH for censoring, H=Z=(q0,q1), Breslow baseline",0.0064961457544201,0.0161877664110109,-0.0302104368234351,0.0528943489888663,0.0096916206565907,0.0831047858123014,8.574911127561167,-0.00537522638759,0.0316435068224229,-0.0389891195064362,0.0850065486183331,-0.0067791719964105,0.033471351036394,-0.0419699959679921,0.0959105194600653,0.0402505230328046,0.1378805154280575,3.4255583540040795,DEFER,DEFER,2.1917554570526354,2.6254864459369096,999,999,365.0,0.3379894624318295,False
NSCLC-Stanford-tau365,PET_radiomic_candidate,42,0.3,114,60,"unpenalized Cox PH for censoring, H=Z=(q0,q1), Breslow baseline",0.0044296190906779,0.0189779536334255,-0.0507420513429603,0.0741496240670638,0.0145483345427475,0.1248916754100242,8.584602934655729,-0.0066527541014732,0.0354061744489651,-0.0678999760108002,0.1157007175407972,-0.0079633902261189,0.0373490272379103,-0.0737260954433378,0.1298097451660467,0.0453124174640292,0.2035358406093845,4.491833629732049,DEFER,DEFER,2.1917554570526354,2.6254864459369096,999,999,365.0,0.3379894624318295,False
NSCLC-Stanford-tau365,PET_radiomic_candidate,42,0.5,114,60,"unpenalized Cox PH for censoring, H=Z=(q0,q1), Breslow baseline",0.0006960619045885,0.024997155325299,-0.0918325465329006,0.1175257637627881,0.0243010934207105,0.2093583102956887,8.615180669906152,-0.0089697965582967,0.0434095883839051,-0.1269707488518713,0.1777214562016953,-0.0101129112195266,0.0455871003202763,-0.1389022246753263,0.1981614161772001,0.0557000115398029,0.3370636408525265,6.051410610779899,DEFER,DEFER,2.1917554570526354,2.6254864459369096,999,999,365.0,0.3379894624318295,False
NSCLC-Stanford-tau365,PET_radiomic_candidate,52,0.0,114,60,"unpenalized Cox PH for censoring, H=Z=(q0,q1), Breslow baseline",0.0036272340815233,0.0036272340815233,0.0036272340815234,0.0036272340815234,0.0,0.0,inf,-0.0069784631897169,0.0142329313527637,-0.0069784631897168,0.0142329313527638,-0.0095068465271626,0.0167613146902094,-0.0109727635984403,0.0182272317614872,0.026268161217372,0.0291999953599276,1.111611700502914,DEFER,DEFER,2.4272166463657614,2.698122423755625,999,999,365.0,0.1800411346259095,False
NSCLC-Stanford-tau365,PET_radiomic_candidate,52,0.1,114,60,"unpenalized Cox PH for censoring, H=Z=(q0,q1), Breslow baseline",0.0023056888032298,0.0050077153824195,-0.0181672488790304,0.0254806530646799,0.0027020265791897,0.0436479019437104,16.153764837057835,-0.0081447076286667,0.0157930583035404,-0.0284833381921702,0.0429767403904356,-0.010636067464079,0.0183642689116676,-0.0323685669240556,0.0495660882634731,0.0290003363757466,0.0819346551875288,2.825300166381923,DEFER,DEFER,2.4272166463657614,2.698122423755625,999,999,365.0,0.1800411346259095,False
NSCLC-Stanford-tau365,PET_radiomic_candidate,52,0.2,114,60,"unpenalized Cox PH for censoring, H=Z=(q0,q1), Breslow baseline",0.001042983756877,0.0064468159197642,-0.0399358872318852,0.0474256869085266,0.0054038321628871,0.0873615741404119,16.166596501719624,-0.0092778367717789,0.0174341360759342,-0.05685267868327,0.073610192350708,-0.0117383058938029,0.0200534977732903,-0.0632238530889159,0.083471758084207,0.0317918036670933,0.1466956111731229,4.61425884197199,DEFER,DEFER,2.4272166463657614,2.698122423755625,999,999,365.0,0.1800411346259095,False
NSCLC-Stanford-tau365,PET_radiomic_candidate,52,0.3,114,60,"unpenalized Cox PH for censoring, H=Z=(q0,q1), Breslow baseline",-0.0001613286561646,0.0079437442945264,-0.0617105425632307,0.0694929582015925,0.008105072950691,0.1312035007648232,16.187824781223824,-0.0103790435657793,0.0191527537997535,-0.0871386506320041,0.1047895546317362,-0.0128149324529998,0.0218249659266391,-0.0967153432203913,0.1180829012115771,0.034639898379639,0.2147982444319685,6.200891298174953,DEFER,DEFER,2.4272166463657614,2.698122423755625,999,999,365.0,0.1800411346259095,False
NSCLC-Stanford-tau365,PET_radiomic_candidate,52,0.5,114,60,"unpenalized Cox PH for censoring, H=Z=(q0,q1), Breslow baseline",-0.0023979857203632,0.0111051865148137,-0.1053897074272348,0.1140969082216852,0.013503172235177,0.21948661564892,16.254448349339462,-0.0124888737483018,0.0228035222021985,-0.1486570002381968,0.1676706534526217,-0.0148945272850151,0.0255923890038219,-0.164952257489017,0.1878475100043408,0.040486916288837,0.3527997674933578,8.713920442259779,DEFER,DEFER,2.4272166463657614,2.698122423755625,999,999,365.0,0.1800411346259095,False
NSCLC-Stanford-tau365,PET_radiomic_candidate,62,0.0,114,60,"unpenalized Cox PH for censoring, H=Z=(q0,q1), Breslow baseline",-0.0004442686875074,-0.0004442686875074,-0.0004442686875073,-0.0004442686875073,0.0,0.0,inf,-0.0129991501389036,0.0121106127638888,-0.0129991501389036,0.0121106127638888,-0.0157834900199684,0.0148949526449536,-0.0170198595901098,0.0161313222150951,0.0306784426649221,0.0331511818052049,1.0806018469480605,DEFER,DEFER,2.3946320384545405,2.587643803514975,999,999,365.0,0.2369971197898484,False
NSCLC-Stanford-tau365,PET_radiomic_candidate,62,0.1,114,60,"unpenalized Cox PH for censoring, H=Z=(q0,q1), Breslow baseline",-0.0017552929348304,0.0008708491122081,-0.0146598472498242,0.0137754034272019,0.0026261420470386,0.0284352506770261,10.827765660692814,-0.0144375798487325,0.0133214039749811,-0.0286918022882687,0.0293560487929076,-0.0172501748839135,0.0160826069843451,-0.033185545575323,0.0343457612262989,0.0333327818682587,0.067531306801622,2.0259727216446053,DEFER,DEFER,2.3946320384545405,2.587643803514975,999,999,365.0,0.2369971197898484,False
NSCLC-Stanford-tau365,PET_radiomic_candidate,62,0.2,114,60,"unpenalized Cox PH for censoring, H=Z=(q0,q1), Breslow baseline",-0.0030633023726816,0.0021913363347213,-0.0289217351262512,0.0280497690882908,0.005254638707403,0.0569715042145421,10.842135375411734,-0.0158934923036224,0.0145628813204881,-0.0478913383031743,0.0493253351546676,-0.0187388883071332,0.0173065620336522,-0.0539663668149413,0.0561388498735445,0.0360454503407854,0.1101052166884858,3.05462175246849,DEFER,DEFER,2.3946320384545405,2.587643803514975,999,999,365.0,0.2369971197898484,False
NSCLC-Stanford-tau365,PET_radiomic_candidate,62,0.3,114,60,"unpenalized Cox PH for censoring, H=Z=(q0,q1), Breslow baseline",-0.0043691179292877,0.0035185985542466,-0.0432792313128678,0.0424287119378267,0.0078877164835344,0.0857079432506945,10.866002020941,-0.0173648861357912,0.0158382441308871,-0.0686833617607734,0.0704868243147755,-0.0202470030114083,0.0185704149309394,-0.0768190520727046,0.0794724541714762,0.0388174179423478,0.1562915062441809,4.026324122750957,DEFER,DEFER,2.3946320384545405,2.587643803514975,999,999,365.0,0.2369971197898484,False
NSCLC-Stanford-tau365,PET_radiomic_candidate,62,0.5,114,60,"unpenalized Cox PH for censoring, H=Z=(q0,q1), Breslow baseline",-0.0069758588408133,0.0061992819149477,-0.0724673673093883,0.0716907903835226,0.0131751407557611,0.144158157692911,10.94167875435217,-0.020343900762825,0.0185008785759714,-0.1121821898946136,0.114442535522174,-0.0233085780797155,0.0212290466050095,-0.1249008892419208,0.128133811413546,0.044537624684725,0.2530347006554669,5.681369458893701,DEFER,DEFER,2.3946320384545405,2.587643803514975,999,999,365.0,0.2369971197898484,False
NSCLC-Stanford-tau365,PET_radiomic_candidate,72,0.0,114,60,"unpenalized Cox PH for censoring, H=Z=(q0,q1), Breslow baseline",-0.0045098956951533,-0.0045098956951533,-0.0045098956951533,-0.0045098956951533,0.0,0.0,inf,-0.01482147426,0.0058016828696933,-0.01482147426,0.0058016828696933,-0.0171515925128696,0.008131801122563,-0.0178221034886191,0.0088023120983124,0.0252833936354326,0.0266244155869316,1.0530396342688584,DEFER,DEFER,2.4028591073986503,2.5303058756546704,999,999,365.0,0.1823733037144476,False
NSCLC-Stanford-tau365,PET_radiomic_candidate,72,0.1,114,60,"unpenalized Cox PH for censoring, H=Z=(q0,q1), Breslow baseline",-0.0053690488224243,-0.0035914913541025,-0.0200059132423759,0.0110453730658491,0.0017775574683217,0.0310512863082251,17.468513317626595,-0.0155693320606055,0.0068656714127609,-0.0300195177587026,0.0283177886180765,-0.0178743007914605,0.0092286874808695,-0.0329334376989487,0.0333439943177116,0.0271029882723301,0.0662774320166604,2.4453920486813674,DEFER,DEFER,2.4028591073986503,2.5303058756546704,999,999,365.0,0.1823733037144476,False
NSCLC-Stanford-tau365,PET_radiomic_candidate,72,0.2,114,60,"unpenalized Cox PH for censoring, H=Z=(q0,q1), Breslow baseline",-0.0061716421975439,-0.0026113110919164,-0.0355026223405569,0.0267196690510965,0.0035603311056275,0.0622222913916535,17.47654629461381,-0.0162922582744053,0.0080278358414199,-0.0521902246676809,0.0527405912798712,-0.0185792245330317,0.010431975063017,-0.0570462519949657,0.060312578372271,0.0290111995960488,0.1173588303672368,4.045293955484016,DEFER,DEFER,2.4028591073986503,2.5303058756546704,999,999,365.0,0.1823733037144476,False
NSCLC-Stanford-tau365,PET_radiomic_candidate,72,0.3,114,60,"unpenalized Cox PH for censoring, H=Z=(q0,q1), Breslow baseline",-0.0069204785970595,-0.0015670572607875,-0.0510590571284171,0.04257152127057,0.005353421336272,0.0936305783989871,17.48985789042867,-0.0169900096032794,0.0092918834808238,-0.0763246170572141,0.0778190570022947,-0.0192654321147674,0.0117456897404315,-0.0836767966602701,0.0880759527131001,0.031011121855199,0.1717527493733703,5.538424252284048,DEFER,DEFER,2.4028591073986503,2.5303058756546704,999,999,365.0,0.1823733037144476,False
NSCLC-Stanford-tau365,PET_radiomic_candidate,72,0.5,114,60,"unpenalized Cox PH for censoring, H=Z=(q0,q1), Breslow baseline",-0.0082683533030306,0.0007213363575754,-0.0825762886322252,0.0750292716867701,0.0089896896606061,0.1576055603189953,17.53181325153426,-0.0183083111455114,0.0121347089206226,-0.126022746042309,0.1291193351270987,-0.0205770509780876,0.0147138007220099,-0.1386654960504489,0.1448593330640027,0.0352908517000975,0.2835248291144517,8.033946914170619,DEFER,DEFER,2.4028591073986503,2.5303058756546704,999,999,365.0,0.1823733037144476,False
NSCLC-Stanford-tau365,PET_radiomic_candidate_SRDO,42,0.0,114,60,"unpenalized Cox PH for censoring, H=Z=(q0,q1), Breslow baseline",0.0014172597866798,0.0014172597866798,0.0014172597866798,0.0014172597866798,0.0,0.0,inf,-0.0027436312451033,0.005578150818463,-0.0027436312451033,0.005578150818463,-0.0037626738635783,0.006597193436938,-0.0043538620950651,0.0071883816684248,0.0103598673005163,0.0115422437634899,1.1141304640952994,DEFER,DEFER,2.439978196800348,2.7184540407835867,999,999,365.0,0.3418242205458399,False
NSCLC-Stanford-tau365,PET_radiomic_candidate_SRDO,42,0.1,114,60,"unpenalized Cox PH for censoring, H=Z=(q0,q1), Breslow baseline",0.0006341263690149,0.0022340301843907,-0.0177131561849053,0.0205813127383111,0.0015999038153757,0.0382944689232164,23.93548196784776,-0.0032491979229735,0.0066971090263606,-0.0250294432672491,0.0337079083941913,-0.0042002617515304,0.0077901603739784,-0.0278607866206746,0.038787793716498,0.0119904221255088,0.0666485803371727,5.558484900659347,DEFER,DEFER,2.439978196800348,2.7184540407835867,999,999,365.0,0.3418242205458399,False
NSCLC-Stanford-tau365,PET_radiomic_candidate_SRDO,42,0.2,114,60,"unpenalized Cox PH for censoring, H=Z=(q0,q1), Breslow baseline",-0.000116801653502,0.0030856352363008,-0.036855663763138,0.0398244973459369,0.0032024368898028,0.076680161109075,23.944316077933728,-0.0037515721960247,0.0078712969442127,-0.0535740064496856,0.0625676321914085,-0.0046417627977287,0.0090433519681761,-0.0600438685413577,0.0713690396479563,0.0136851147659049,0.131412908189314,9.60261645132244,DEFER,DEFER,2.439978196800348,2.7184540407835867,999,999,365.0,0.3418242205458399,False
NSCLC-Stanford-tau365,PET_radiomic_candidate_SRDO,42,0.3,114,60,"unpenalized Cox PH for censoring, H=Z=(q0,q1), Breslow baseline",-0.0008371285059149,0.0039729773561787,-0.056054668952053,0.0591905178023169,0.0048101058620937,0.11524518675437,23.95897097869821,-0.0042567909648766,0.0090975900811734,-0.0823431349412964,0.0915652561986201,-0.0050942995080857,0.0103526575006417,-0.0925165565980299,0.1040940155741881,0.0154469570087275,0.196610572172218,12.728110271889346,DEFER,DEFER,2.439978196800348,2.7184540407835867,999,999,365.0,0.3418242205458399,False
NSCLC-Stanford-tau365,PET_radiomic_candidate_SRDO,42,0.5,114,60,"unpenalized Cox PH for censoring, H=Z=(q0,q1), Breslow baseline",-0.0021929038298629,0.0058566516887922,-0.0947840841115038,0.0984478319704331,0.0080495555186552,0.193231916081937,24.005290184546425,-0.0052988954733774,0.0116930438920957,-0.1399584343272203,0.1498027633370399,-0.0060595829879486,0.0131224330176149,-0.1574405389506502,0.1696767023930075,0.0191820160055635,0.3271172413436577,17.053329600433045,DEFER,DEFER,2.439978196800348,2.7184540407835867,999,999,365.0,0.3418242205458399,False
NSCLC-Stanford-tau365,PET_radiomic_candidate_SRDO,52,0.0,114,60,"unpenalized Cox PH for censoring, H=Z=(q0,q1), Breslow baseline",0.0022697765919475,0.0022697765919475,0.0022697765919474,0.0022697765919474,0.0,0.0,inf,-0.0014712864089805,0.0060108395928756,-0.0014712864089805,0.0060108395928755,-0.0023239744736816,0.0068635276575766,-0.0030029366509905,0.0075424898348855,0.0091875021312582,0.010545426485876,1.147801256012532,DEFER,DEFER,2.406692065956116,2.762404176139824,999,999,365.0,0.1077420547100721,False
NSCLC-Stanford-tau365,PET_radiomic_candidate_SRDO,52,0.1,114,60,"unpenalized Cox PH for censoring, H=Z=(q0,q1), Breslow baseline",0.0016171095518253,0.0029560395019427,-0.0191129048575479,0.0236860539113159,0.0013389299501174,0.0427989587688638,31.965046987790117,-0.0019262889828621,0.0069063510638759,-0.0268154472581254,0.0361293883468979,-0.002733924042271,0.0078067324581148,-0.0299689896948632,0.0412238858720509,0.0105406565003859,0.0711928755669141,6.754121582873677,DEFER,DEFER,2.406692065956116,2.762404176139824,999,999,365.0,0.1077420547100721,False
NSCLC-Stanford-tau365,PET_radiomic_candidate_SRDO,52,0.2,114,60,"unpenalized Cox PH for censoring, H=Z=(q0,q1), Breslow baseline",0.0009984029504732,0.0036752009923053,-0.0404950124007801,0.0451686163435587,0.002676798041832,0.0856636287443389,32.00227563141358,-0.0023608447566232,0.007844314480006,-0.057499986460155,0.0670786108775957,-0.003126506929515,0.0087945666704836,-0.064462091248808,0.0760489084700631,0.0119210735999987,0.1405109997188712,11.786773946172644,DEFER,DEFER,2.406692065956116,2.762404176139824,999,999,365.0,0.1077420547100721,False
NSCLC-Stanford-tau365,PET_radiomic_candidate_SRDO,52,0.3,114,60,"unpenalized Cox PH for censoring, H=Z=(q0,q1), Breslow baseline",0.000413711746986,0.0044262128932165,-0.0619082911511778,0.0667482157913804,0.0040125011462304,0.1286565069425583,32.0639178043413,-0.0027766777139143,0.008821588271875,-0.0883355202745688,0.0981224304833881,-0.0035038525875753,0.0098234115836806,-0.0991552450085421,0.1109675291930234,0.013327264171256,0.2101227742015656,15.76638472093575,DEFER,DEFER,2.406692065956116,2.762404176139824,999,999,365.0,0.1077420547100721,False
NSCLC-Stanford-tau365,PET_radiomic_candidate_SRDO,52,0.5,114,60,"unpenalized Cox PH for censoring, H=Z=(q0,q1), Breslow baseline",-0.0006547880904635,0.0060177746250488,-0.1049396084281063,0.1103025949626916,0.0066725627155124,0.215242203390798,32.25780147264886,-0.0035593160891991,0.0108795463045436,-0.1498570067796112,0.1602192673494279,-0.0042213355092135,0.0119876737761682,-0.168246898646835,0.1806559409158738,0.0162090092853818,0.3489028395627088,21.52524151351852,DEFER,DEFER,2.406692065956116,2.762404176139824,999,999,365.0,0.1077420547100721,False
NSCLC-Stanford-tau365,PET_radiomic_candidate_SRDO,62,0.0,114,60,"unpenalized Cox PH for censoring, H=Z=(q0,q1), Breslow baseline",0.0001872541551748,0.0001872541551748,0.0001872541551748,0.0001872541551748,0.0,0.0,inf,-0.0055915761044151,0.0059660844147648,-0.0055915761044151,0.0059660844147648,-0.0065880582714957,0.0069625665818454,-0.0074744694674392,0.0078489777777889,0.0135506248533412,0.0153234472452282,1.1308295677191438,DEFER,DEFER,2.297933620431923,2.5985712826403167,999,999,365.0,0.1906270744056107,False
NSCLC-Stanford-tau365,PET_radiomic_candidate_SRDO,62,0.1,114,60,"unpenalized Cox PH for censoring, H=Z=(q0,q1), Breslow baseline",-0.000734229174384,0.0011664405307352,-0.0139414290188459,0.014373640375197,0.0019006697051192,0.0283150693940429,14.897417114493432,-0.0061534988904141,0.0073325964553413,-0.0187821253233243,0.0273039406251493,-0.0070879796396389,0.0083958677649826,-0.0203593502174095,0.0315169691151524,0.0154838474046215,0.051876319332562,3.3503507220743,DEFER,DEFER,2.297933620431923,2.5985712826403167,999,999,365.0,0.1906270744056107,False
NSCLC-Stanford-tau365,PET_radiomic_candidate_SRDO,62,0.2,114,60,"unpenalized Cox PH for censoring, H=Z=(q0,q1), Breslow baseline",-0.0015993155397012,0.002204325019631,-0.0280657411962492,0.028670750676179,0.0038036405593323,0.0567364918724282,14.91636525255342,-0.0066893407094726,0.0087827765192128,-0.0397497981236952,0.0492940463362365,-0.0075670476300473,0.0099171426991953,-0.0435567680905627,0.0560136530347661,0.0174841903292427,0.0995704211253288,5.694883163036437,DEFER,DEFER,2.297933620431923,2.5985712826403167,999,999,365.0,0.1906270744056107,False
NSCLC-Stanford-tau365,PET_radiomic_candidate_SRDO,62,0.3,114,60,"unpenalized Cox PH for censoring, H=Z=(q0,q1), Breslow baseline",-0.0024095803691711,0.0033015509289553,-0.0422384759979855,0.0431304465577696,0.0057111312981265,0.0853689225557552,14.947812981249434,-0.0072029060526616,0.0103142797130481,-0.0615144712479069,0.07155433533429,-0.0080294511059069,0.0115235312158631,-0.0677950923929095,0.0808155783756185,0.01955298232177,0.148610670768528,7.600409406756663,DEFER,DEFER,2.297933620431923,2.5985712826403167,999,999,365.0,0.1906270744056107,False
NSCLC-Stanford-tau365,PET_radiomic_candidate_SRDO,62,0.5,114,60,"unpenalized Cox PH for censoring, H=Z=(q0,q1), Breslow baseline",-0.0038730437842055,0.0056746099338715,-0.0709325973165795,0.0727341634662456,0.0095476537180771,0.1436667607828252,15.047336761995478,-0.0081772503857335,0.013609095810166,-0.1055914939600595,0.1168305066837436,-0.0089194533799703,0.0149772920238478,-0.1168842649064721,0.1311982434484764,0.0238967454038181,0.2480825083549485,10.381434967931268,DEFER,DEFER,2.297933620431923,2.5985712826403167,999,999,365.0,0.1906270744056107,False
NSCLC-Stanford-tau365,PET_radiomic_candidate_SRDO,72,0.0,114,60,"unpenalized Cox PH for censoring, H=Z=(q0,q1), Breslow baseline",-0.006278155962718,-0.006278155962718,-0.006278155962718,-0.006278155962718,0.0,0.0,inf,-0.016559883963749,0.0040035720383128,-0.016559883963749,0.0040035720383128,-0.0179020698042253,0.0053457578787891,-0.0193158479645837,0.0067595360391475,0.0232478276830145,0.0260753840037313,1.1216266895673286,DEFER,DEFER,2.2158194115295067,2.485322191232867,999,999,365.0,0.1690915825251052,False
NSCLC-Stanford-tau365,PET_radiomic_candidate_SRDO,72,0.1,114,60,"unpenalized Cox PH for censoring, H=Z=(q0,q1), Breslow baseline",-0.0069688538633135,-0.0055468692940451,-0.0203180806312913,0.0078023574739326,0.0014219845692683,0.028120438105224,19.77548752142435,-0.0172605024712783,0.0047421325960082,-0.0315607999989435,0.0234136116877183,-0.0186039833565325,0.0060852679763722,-0.0345743527641624,0.0275981276189662,0.0246892513329048,0.0621724803831287,2.518200310929147,DEFER,DEFER,2.2158194115295067,2.485322191232867,999,999,365.0,0.1690915825251052,False
NSCLC-Stanford-tau365,PET_radiomic_candidate_SRDO,72,0.2,114,60,"unpenalized Cox PH for censoring, H=Z=(q0,q1), Breslow baseline",-0.007620964091919,-0.0047730746470262,-0.0343768257285125,0.0219827869895671,0.0028478894448928,0.0563596127180796,19.78995807549681,-0.0179377035157866,0.0055423220778966,-0.0518341295195365,0.0452448612032907,-0.0192844597782758,0.0068889030632814,-0.0565134694899066,0.0514801398559976,0.0261733628415572,0.1079936093459042,4.126088420492736,DEFER,DEFER,2.2158194115295067,2.485322191232867,999,999,365.0,0.1690915825251052,False
NSCLC-Stanford-tau365,PET_radiomic_candidate_SRDO,72,0.3,114,60,"unpenalized Cox PH for censoring, H=Z=(q0,q1), Breslow baseline",-0.008236530034247,-0.0039549780246635,-0.0485129865034451,0.0363214784445345,0.0042815520095834,0.0848344649479797,19.813951753498312,-0.018591485468699,0.0064076746779289,-0.0738010207022661,0.0679180617306609,-0.0199432304829117,0.0077604245003127,-0.080579347448202,0.0763873624238136,0.0277036549832245,0.1569667098720157,5.665920614700988,DEFER,DEFER,2.2158194115295067,2.485322191232867,999,999,365.0,0.1690915825251052,False
NSCLC-Stanford-tau365,PET_radiomic_candidate_SRDO,72,0.5,114,60,"unpenalized Cox PH for censoring, H=Z=(q0,q1), Breslow baseline",-0.0093662047939768,-0.002179611372407,-0.0772424952821006,0.0656966791157166,0.0071865934215697,0.1429391743978172,19.889698221802988,-0.0198290506481129,0.0083455908890735,-0.1193210230595749,0.1145950789950676,-0.0211948797728573,0.0097195600742233,-0.1305999547480239,0.1277020421195927,0.0309144398470806,0.2583019968676167,8.355383378942538,DEFER,DEFER,2.2158194115295067,2.485322191232867,999,999,365.0,0.1690915825251052,False
NSCLC-VA-tau365,PET_radiomic_candidate,42,0.0,114,80,"unpenalized Cox PH for censoring, H=Z=(q0,q1), Breslow baseline",0.0276838630824435,0.0276838630824435,0.0276838630824436,0.0276838630824436,0.0,0.0,inf,-0.007791823464641,0.0631595496295282,-0.007791823464641,0.0631595496295282,-0.0145280200274363,0.0698957461923234,-0.0188658439185141,0.0742335700834013,0.0844237662197598,0.0930994140019155,1.1027630982438343,DEFER,DEFER,2.332125990153057,2.571782482396155,999,999,365.0,0.3379894624318295,False
NSCLC-VA-tau365,PET_radiomic_candidate,42,0.1,114,80,"unpenalized Cox PH for censoring, H=Z=(q0,q1), Breslow baseline",0.0246408542589189,0.0308586846844654,0.0066462416572997,0.0488532972860847,0.0062178304255465,0.0422070556287849,6.788067981940052,-0.0102429510062559,0.06696247474082,-0.0260536132466979,0.0892581834954806,-0.0168667599299426,0.0738179368939967,-0.0362611355610282,0.1018708932093688,0.0906846968239394,0.138132028770397,1.523212114151682,DEFER,DEFER,2.332125990153057,2.571782482396155,999,999,365.0,0.3379894624318295,False
NSCLC-VA-tau365,PET_radiomic_candidate,42,0.2,114,80,"unpenalized Cox PH for censoring, H=Z=(q0,q1), Breslow baseline",0.0217240938502255,0.0341699692258242,-0.0143026891095374,0.0701967521855873,0.0124458753755987,0.0844994412951248,6.789352998085917,-0.012605060586551,0.0709358474274421,-0.0469007548703884,0.1169963992795118,-0.0191235512664639,0.0779170282438072,-0.0570765028862371,0.1316052849585616,0.0970405795102712,0.1886817878447987,1.9443596565169703,DEFER,DEFER,2.332125990153057,2.571782482396155,999,999,365.0,0.3379894624318295,False
NSCLC-VA-tau365,PET_radiomic_candidate,42,0.3,114,80,"unpenalized Cox PH for censoring, H=Z=(q0,q1), Breslow baseline",0.0189273483674183,0.0376212057801028,-0.0352052304181447,0.091753784565666,0.0186938574126845,0.1269590149838108,6.791483008619942,-0.0148843128407994,0.0750795768183235,-0.0703218807120805,0.1458537895802756,-0.0213045408386678,0.0821922496034062,-0.0812838251161842,0.1627415406119934,0.103496790442074,0.2440253657281777,2.3578061182946146,DEFER,DEFER,2.332125990153057,2.571782482396155,999,999,365.0,0.3379894624318295,False
NSCLC-VA-tau365,PET_radiomic_candidate,42,0.5,114,80,"unpenalized Cox PH for censoring, H=Z=(q0,q1), Breslow baseline",0.0136670313899166,0.0449502505698786,-0.0770261713150401,0.1356434532748353,0.0312832191799619,0.2126696245898755,6.798201405247263,-0.0192164609934738,0.0838634439559221,-0.1225110785237729,0.2056419320118554,-0.025460446379682,0.0912523614103186,-0.1367095575892449,0.227492519293512,0.1167128077900007,0.3642020768827569,3.120497945161762,DEFER,DEFER,2.332125990153057,2.571782482396155,999,999,365.0,0.3379894624318295,False
NSCLC-VA-tau365,PET_radiomic_candidate,52,0.0,114,80,"unpenalized Cox PH for censoring, H=Z=(q0,q1), Breslow baseline",0.0012764476268719,0.0012764476268719,0.0012764476268719,0.0012764476268719,0.0,0.0,inf,-0.0233901621685889,0.0259430574223329,-0.0233901621685889,0.0259430574223329,-0.0297196691423097,0.0322725643960537,-0.0321792145767814,0.0347321098305253,0.0619922335383635,0.0669113244073067,1.079350115138198,DEFER,DEFER,2.462895105243589,2.658326115417972,999,999,365.0,0.1800411346259095,False
NSCLC-VA-tau365,PET_radiomic_candidate,52,0.1,114,80,"unpenalized Cox PH for censoring, H=Z=(q0,q1), Breslow baseline",-0.0005842724295296,0.0032307971232156,-0.0208345704988268,0.0234810951925128,0.0038150695527452,0.0443156656913397,11.615952233282544,-0.024964144753678,0.0281974718234717,-0.0437414934617604,0.0526274304935933,-0.0312200742540716,0.0346039761196142,-0.0519035452435459,0.0630126707269343,0.0658240503736859,0.1149162159704803,1.74580894548567,DEFER,DEFER,2.462895105243589,2.658326115417972,999,999,365.0,0.1800411346259095,False
NSCLC-VA-tau365,PET_radiomic_candidate,52,0.2,114,80,"unpenalized Cox PH for censoring, H=Z=(q0,q1), Breslow baseline",-0.0023521581071053,0.0052788268831575,-0.0428778995879139,0.0458045683639662,0.0076309849902629,0.0886824679518801,11.62136579550843,-0.0264596402100332,0.0305573387086263,-0.0673089979618401,0.0811001714684162,-0.0326456737734057,0.0370438611051508,-0.0760141344106137,0.093676480415455,0.0696895348785566,0.1696906148260687,2.434951174832454,DEFER,DEFER,2.462895105243589,2.658326115417972,999,999,365.0,0.1800411346259095,False
NSCLC-VA-tau365,PET_radiomic_candidate,52,0.3,114,80,"unpenalized Cox PH for censoring, H=Z=(q0,q1), Breslow baseline",-0.004028633971706,0.0074197304599501,-0.0648785601316512,0.0682696566198954,0.0114483644316561,0.1331482167515466,11.630326545456183,-0.0278785987922745,0.0330197384774358,-0.0935116171577324,0.1105950246353182,-0.0339985528478402,0.0395887575123824,-0.103713969280532,0.1256761355284754,0.0735873103602227,0.2293901048090074,3.1172508369459755,DEFER,DEFER,2.462895105243589,2.658326115417972,999,999,365.0,0.1800411346259095,False
NSCLC-VA-tau365,PET_radiomic_candidate,52,0.5,114,80,"unpenalized Cox PH for censoring, H=Z=(q0,q1), Breslow baseline",-0.0071155361418866,0.0119720220604786,-0.1088377864089749,0.113694272327567,0.0190875582023652,0.222532058736542,11.658487501505908,-0.0304950618552713,0.0382327799592139,-0.1498389581788034,0.1710484263687403,-0.0364943001888823,0.0449713488843131,-0.1644482397327134,0.1914845004735885,0.0814656490731955,0.3559327402063019,4.369114396750246,DEFER,DEFER,2.462895105243589,2.658326115417972,999,999,365.0,0.1800411346259095,False
NSCLC-VA-tau365,PET_radiomic_candidate,62,0.0,114,80,"unpenalized Cox PH for censoring, H=Z=(q0,q1), Breslow baseline",-0.0003847372480774,-0.0003847372480774,-0.0003847372480774,-0.0003847372480774,0.0,0.0,inf,-0.0125687032882223,0.0117992287920675,-0.0125687032882223,0.0117992287920675,-0.015320592156415,0.0145511176602601,-0.0167080994354593,0.0159386249393044,0.0298717098166752,0.0326467243747638,1.092897747571833,DEFER,DEFER,2.4026443936402586,2.625844646025531,999,999,365.0,0.2369971197898484,False
NSCLC-VA-tau365,PET_radiomic_candidate,62,0.1,114,80,"unpenalized Cox PH for censoring, H=Z=(q0,q1), Breslow baseline",-0.0017692239473199,0.0010203400422543,-0.0148992787002155,0.0141503947951499,0.0027895639895743,0.0290496734953655,10.413696765492862,-0.0139562440902084,0.0132262636477874,-0.0269626401928317,0.0304576720826331,-0.0167088227626335,0.0159831118846754,-0.0310610619974174,0.0359979272469466,0.032691934647309,0.0670589892443641,2.051239547852329,DEFER,DEFER,2.4026443936402586,2.625844646025531,999,999,365.0,0.2369971197898484,False
NSCLC-VA-tau365,PET_radiomic_candidate,62,0.2,114,80,"unpenalized Cox PH for censoring, H=Z=(q0,q1), Breslow baseline",-0.0031343473797857,0.0024474857180285,-0.0294426930783999,0.0287558314166427,0.0055818330978143,0.0581985244950426,10.426417894478364,-0.01534675229774,0.0147026714131517,-0.045448005448995,0.0510832258441444,-0.0181050644135853,0.0174706460595783,-0.0508856706676825,0.0586687632764156,0.0355757104731637,0.1095544339440982,3.079472833767854,DEFER,DEFER,2.4026443936402586,2.625844646025531,999,999,365.0,0.2369971197898484,False
NSCLC-VA-tau365,PET_radiomic_candidate,62,0.3,114,80,"unpenalized Cox PH for censoring, H=Z=(q0,q1), Breslow baseline",-0.004481030597921,0.0038983610197908,-0.044063215115232,0.0434805455371018,0.0083793916177119,0.0875437606523338,10.447507963142332,-0.0167382093114488,0.0162318925348227,-0.0659484162674022,0.0725712895271096,-0.0195066341040055,0.0190175624857967,-0.0733837223928715,0.0824546159575781,0.0385241965898022,0.1558383383504495,4.045206705016699,DEFER,DEFER,2.4026443936402586,2.625844646025531,999,999,365.0,0.2369971197898484,False
NSCLC-VA-tau365,PET_radiomic_candidate,62,0.5,114,80,"unpenalized Cox PH for censoring, H=Z=(q0,q1), Breslow baseline",-0.0071210261356417,0.0068783816578224,-0.0737166466136298,0.0734740021358105,0.0139994077934642,0.1471906487494403,10.514062517570046,-0.0195135714387882,0.0194597336996459,-0.1091092413901832,0.1168835486108503,-0.022312570332575,0.0223013767669878,-0.1211335666366644,0.1316315632425413,0.0446139470995629,0.2527651298792057,5.665607871796712,DEFER,DEFER,2.4026443936402586,2.625844646025531,999,999,365.0,0.2369971197898484,False
NSCLC-VA-tau365,PET_radiomic_candidate,72,0.0,114,80,"unpenalized Cox PH for censoring, H=Z=(q0,q1), Breslow baseline",-0.011225477205315,-0.011225477205315,-0.011225477205315,-0.011225477205315,0.0,0.0,inf,-0.0307021719411034,0.0082512175304733,-0.0307021719411034,0.0082512175304733,-0.0319486632173733,0.0094977088067432,-0.0351540636833772,0.012703109272747,0.0414463720241165,0.0478571729561242,1.15467701077135,DEFER,DEFER,2.085399950019516,2.407963380551257,999,999,365.0,0.1823733037144476,False
NSCLC-VA-tau365,PET_radiomic_candidate,72,0.1,114,80,"unpenalized Cox PH for censoring, H=Z=(q0,q1), Breslow baseline",-0.0121115566977628,-0.0102859349450806,-0.0265336654531058,0.0041361738102623,0.0018256217526822,0.0306698392633682,16.799667958769394,-0.0314576208498068,0.0093430974858587,-0.0453224427577922,0.0284762492682072,-0.0326957518839894,0.0105993382401909,-0.0496170935527474,0.0340397898179512,0.0432950901241803,0.0836568833706987,1.932248740694413,DEFER,DEFER,2.085399950019516,2.407963380551257,999,999,365.0,0.1823733037144476,False
NSCLC-VA-tau365,PET_radiomic_candidate,72,0.2,114,80,"unpenalized Cox PH for censoring, H=Z=(q0,q1), Breslow baseline",-0.0129467881435284,-0.0092903250843804,-0.0418453334830075,0.0196082202550986,0.003656463059148,0.0614535537381061,16.806830191913598,-0.0321822323788123,0.0105143065738629,-0.0644631764379708,0.051127574487731,-0.0334132838359366,0.0117817855237885,-0.069633057141303,0.0583321209846383,0.0451950693597252,0.1279651781259414,2.831396874455853,DEFER,DEFER,2.085399950019516,2.407963380551257,999,999,365.0,0.1823733037144476,False
NSCLC-VA-tau365,PET_radiomic_candidate,72,0.3,114,80,"unpenalized Cox PH for censoring, H=Z=(q0,q1), Breslow baseline",-0.0137337557201247,-0.008236101586891,-0.0572164685890736,0.0352466112820577,0.0054976541332336,0.0924630798711313,16.818642575600723,-0.0328768213901413,0.0117687246043808,-0.0864114011443448,0.0750304598008765,-0.0341019607006062,0.0130490158277626,-0.0930846422112814,0.0841240657283419,0.0471509765283688,0.1772087079396233,3.758325298586424,DEFER,DEFER,2.085399950019516,2.407963380551257,999,999,365.0,0.1823733037144476,False
NSCLC-VA-tau365,PET_radiomic_candidate,72,0.5,114,80,"unpenalized Cox PH for censoring, H=Z=(q0,q1), Breslow baseline",-0.0151728970829195,-0.0059422767208553,-0.0883505756893576,0.0672354018855826,0.0092306203620642,0.1555859775749403,16.855419405434986,-0.0341788260005125,0.0145404400062074,-0.1338005463868659,0.1248722852042173,-0.0353951886798358,0.0158513158021749,-0.1441892880075385,0.1380466542836451,0.0512465044820107,0.2822359422911836,5.507418411147594,DEFER,DEFER,2.085399950019516,2.407963380551257,999,999,365.0,0.1823733037144476,False
NSCLC-VA-tau365,PET_radiomic_candidate_SRDO,42,0.0,114,80,"unpenalized Cox PH for censoring, H=Z=(q0,q1), Breslow baseline",0.0138649742008006,0.0138649742008006,0.0138649742008006,0.0138649742008006,0.0,0.0,inf,-0.0173952760967163,0.0451252244983176,-0.0173952760967163,0.0451252244983176,-0.0244928903621408,0.0522228387637421,-0.0277710430049005,0.0555009914065018,0.076715729125883,0.0832720344114024,1.085462334259525,DEFER,DEFER,2.4049722043716986,2.6105067427865807,999,999,365.0,0.3418242205458399,False
NSCLC-VA-tau365,PET_radiomic_candidate_SRDO,42,0.1,114,80,"unpenalized Cox PH for censoring, H=Z=(q0,q1), Breslow baseline",0.0118672733726368,0.0158585924034576,-0.0056467915162433,0.0333726572923378,0.0039913190308208,0.0390194488085811,9.776078661533738,-0.0194258822514981,0.047097870338358,-0.0379621848723808,0.0657789932985501,-0.0265309676444213,0.0541907228460015,-0.048688170295351,0.0765351640121117,0.0807216904904228,0.1252233343074628,1.551297223171011,DEFER,DEFER,2.4049722043716986,2.6105067427865807,999,999,365.0,0.3418242205458399,False
NSCLC-VA-tau365,PET_radiomic_candidate_SRDO,42,0.2,114,80,"unpenalized Cox PH for censoring, H=Z=(q0,q1), Breslow baseline",0.0098666081821323,0.0178474241315059,-0.0251985517046627,0.052912584018301,0.0079808159493735,0.0781111357229637,9.787362121675663,-0.0214711417530244,0.0490775694628267,-0.0605482939185351,0.0884423764197155,-0.0285863522477958,0.0561683484202962,-0.0722814272743058,0.1002352712540391,0.084754700668092,0.1725166985283449,2.0354823646176,DEFER,DEFER,2.4049722043716986,2.6105067427865807,999,999,365.0,0.3418242205458399,False
NSCLC-VA-tau365,PET_radiomic_candidate_SRDO,42,0.3,114,80,"unpenalized Cox PH for censoring, H=Z=(q0,q1), Breslow baseline",0.0078645811969475,0.0198310905365495,-0.0448242707946947,0.0725199425281919,0.0119665093396019,0.1173442133228866,9.806052040134032,-0.0235288720876925,0.0510635182471769,-0.0846833548539506,0.1126485732676629,-0.03065672998241,0.0581548154170014,-0.097913209427617,0.1259678946081711,0.0888115453994114,0.2238811040357881,2.520855853019215,DEFER,DEFER,2.4049722043716986,2.6105067427865807,999,999,365.0,0.3418242205458399,False
NSCLC-VA-tau365,PET_radiomic_candidate_SRDO,42,0.5,114,80,"unpenalized Cox PH for censoring, H=Z=(q0,q1), Breslow baseline",0.0038655296488343,0.0237823999791618,-0.0844149401258622,0.1120628697538584,0.0199168703303275,0.1964778098797207,9.864893761975395,-0.0276687179373323,0.0550503580346765,-0.1357760335020774,0.1638895621036304,-0.0348285430630697,0.062149722340251,-0.1528235851994935,0.1810916533961022,0.0969782654033208,0.3339152385955958,3.4431966503719464,DEFER,DEFER,2.4049722043716986,2.6105067427865807,999,999,365.0,0.3418242205458399,False
NSCLC-VA-tau365,PET_radiomic_candidate_SRDO,52,0.0,114,80,"unpenalized Cox PH for censoring, H=Z=(q0,q1), Breslow baseline",0.0023939581936453,0.0023939581936453,0.0023939581936453,0.0023939581936453,0.0,0.0,inf,-0.001457993876399,0.0062459102636896,-0.0014579938763989,0.0062459102636897,-0.0021673255324164,0.0069552419197071,-0.0028594499901817,0.0076473663774725,0.0091225674521235,0.0105068163676543,1.1517389619529237,DEFER,DEFER,2.3208886465315834,2.673057880564611,999,999,365.0,0.1077420547100721,False
NSCLC-VA-tau365,PET_radiomic_candidate_SRDO,52,0.1,114,80,"unpenalized Cox PH for censoring, H=Z=(q0,q1), Breslow baseline",0.0017308532344675,0.0030946718186016,-0.0192309238107959,0.0240564488638651,0.001363818584134,0.043287372674661,31.739831952902865,-0.0018838820823389,0.0071912075302383,-0.0253055050243414,0.0366816966144023,-0.0025495306007291,0.0079455789262033,-0.0275156205256736,0.0412751417887628,0.0104951095269325,0.0687907623144364,6.554554017555112,DEFER,DEFER,2.3208886465315834,2.673057880564611,999,999,365.0,0.1077420547100721,False
NSCLC-VA-tau365,PET_radiomic_candidate_SRDO,52,0.2,114,80,"unpenalized Cox PH for censoring, H=Z=(q0,q1), Breslow baseline",0.0011051397954218,0.0038328567594824,-0.0408429641185586,0.0457809606734629,0.0027277169640605,0.0866239247920215,31.7569329711795,-0.0022814817824435,0.0081794549277717,-0.0558064845452237,0.0674264456621984,-0.0029051234707224,0.0089798749799141,-0.0612506637053819,0.0753017246692158,0.0118849984506365,0.1365523883745978,11.489474646694967,DEFER,DEFER,2.3208886465315834,2.673057880564611,999,999,365.0,0.1077420547100721,False
NSCLC-VA-tau365,PET_radiomic_candidate_SRDO,52,0.3,114,80,"unpenalized Cox PH for censoring, H=Z=(q0,q1), Breslow baseline",0.0005162885789228,0.0046079823322464,-0.0624656419126676,0.0675899128238369,0.0040916937533236,0.1300555547365045,31.785261208970187,-0.0026528965012954,0.0092080962695424,-0.0863505986384648,0.0981913776304943,-0.0032364975587071,0.0100552009005649,-0.0950406648755613,0.109325111686408,0.013291698459272,0.2043657765619694,15.375444845380695,DEFER,DEFER,2.3208886465315834,2.673057880564611,999,999,365.0,0.1077420547100721,False
NSCLC-VA-tau365,PET_radiomic_candidate_SRDO,52,0.5,114,80,"unpenalized Cox PH for censoring, H=Z=(q0,q1), Breslow baseline",-0.0005542405790074,0.0062647728989241,-0.1058209416590156,0.1115314739789324,0.0068190134779315,0.2173524156379481,31.87446634932866,-0.0033260306403681,0.0113736168591014,-0.147089667532301,0.1595660664370552,-0.0038364519536674,0.0123144034215275,-0.1621044722680403,0.1770424971011384,0.0161508553751949,0.3391469693691789,20.99870016111048,DEFER,DEFER,2.3208886465315834,2.673057880564611,999,999,365.0,0.1077420547100721,False
NSCLC-VA-tau365,PET_radiomic_candidate_SRDO,62,0.0,114,80,"unpenalized Cox PH for censoring, H=Z=(q0,q1), Breslow baseline",0.0003540240035292,0.0003540240035292,0.0003540240035292,0.0003540240035292,0.0,0.0,inf,-0.0050065002800114,0.0057145482870698,-0.0050065002800114,0.0057145482870698,-0.006383856777523,0.0070919047845815,-0.0069407966460832,0.0076488446531417,0.0134757615621046,0.014589641299225,1.0826580176554037,DEFER,DEFER,2.46356568209864,2.6671991377447952,999,999,365.0,0.1906270744056107,False
NSCLC-VA-tau365,PET_radiomic_candidate_SRDO,62,0.1,114,80,"unpenalized Cox PH for censoring, H=Z=(q0,q1), Breslow baseline",-0.0006772686730186,0.0014285411332309,-0.0144541304349547,0.015205402895167,0.0021058098062495,0.0296595333301217,14.084621147693008,-0.005765304362404,0.0071092807517288,-0.0200352826113895,0.027514631981649,-0.007072646451659,0.0085689147745117,-0.0220491905432161,0.0319563051896663,0.0156415612261708,0.0540054957328825,3.452692154701456,DEFER,DEFER,2.46356568209864,2.6671991377447952,999,999,365.0,0.1906270744056107,False
NSCLC-VA-tau365,PET_radiomic_candidate_SRDO,62,0.2,114,80,"unpenalized Cox PH for censoring, H=Z=(q0,q1), Breslow baseline",-0.0016674112465362,0.0025483058873875,-0.0292702195373647,0.030151114178216,0.0042157171339238,0.0594213337155807,14.095189935163678,-0.0065350442361127,0.0085918849932579,-0.0418236734006472,0.0501488603102011,-0.0077857550940564,0.0101447485770039,-0.0463534728950653,0.0573648648699599,0.0179305036710604,0.1037183377650253,5.784463151050528,DEFER,DEFER,2.46356568209864,2.6671991377447952,999,999,365.0,0.1906270744056107,False
NSCLC-VA-tau365,PET_radiomic_candidate_SRDO,62,0.3,114,80,"unpenalized Cox PH for censoring, H=Z=(q0,q1), Breslow baseline",-0.0026184666035023,0.0037152209457859,-0.0441444265423865,0.0452411808846701,0.0063336875492882,0.0893856074270567,14.112727653750628,-0.0073208987780398,0.0101588105471332,-0.0642971188343863,0.0730532344244836,-0.0085291622177922,0.0118144545728426,-0.0715690343047949,0.0830889606425776,0.0203436167906349,0.1546579949473725,7.602286089982213,DEFER,DEFER,2.46356568209864,2.6671991377447952,999,999,365.0,0.1906270744056107,False
NSCLC-VA-tau365,PET_radiomic_candidate_SRDO,62,0.5,114,80,"unpenalized Cox PH for censoring, H=Z=(q0,q1), Breslow baseline",-0.0044111898427942,0.0061970593065766,-0.0742569837091123,0.0760428531728946,0.0106082491493708,0.1502998368820069,14.168203891678097,-0.0089521811502686,0.0135300249157951,-0.1097203504034212,0.1195152170519426,-0.0101189632692673,0.0154141890933362,-0.1225169832880256,0.1352018236277189,0.0255331523626036,0.2577188069157446,10.093497397258515,DEFER,DEFER,2.46356568209864,2.6671991377447952,999,999,365.0,0.1906270744056107,False
NSCLC-VA-tau365,PET_radiomic_candidate_SRDO,72,0.0,114,80,"unpenalized Cox PH for censoring, H=Z=(q0,q1), Breslow baseline",-0.0130689223238788,-0.0130689223238788,-0.0130689223238789,-0.0130689223238789,0.0,0.0,inf,-0.0318175935632983,0.0056797489155405,-0.0318175935632983,0.0056797489155405,-0.0320745120662322,0.0059366674184745,-0.0367368056260954,0.0105989609783375,0.0380111794847067,0.047335766604433,1.2453117016134114,DEFER,DEFER,1.9868219419004505,2.474212613270912,999,999,365.0,0.1690915825251052,False
NSCLC-VA-tau365,PET_radiomic_candidate_SRDO,72,0.1,114,80,"unpenalized Cox PH for censoring, H=Z=(q0,q1), Breslow baseline",-0.0138361037564993,-0.0122666708829451,-0.0270046777769833,0.0009019031375388,0.0015694328735542,0.0279065809145222,17.781315394091244,-0.0325342311396847,0.0065462315368486,-0.0459848253877812,0.0231610066798086,-0.0327904570254347,0.0068040302183559,-0.0509647714270716,0.0290012739314931,0.0395944872437906,0.0799660453585648,2.019625733910858,DEFER,DEFER,1.9868219419004505,2.474212613270912,999,999,365.0,0.1690915825251052,False
NSCLC-VA-tau365,PET_radiomic_candidate_SRDO,72,0.2,114,80,"unpenalized Cox PH for censoring, H=Z=(q0,q1), Breslow baseline",-0.0145698150372369,-0.0114276923830496,-0.0409607105811959,0.0149632031609092,0.0031421226541873,0.0559239137421051,17.79813199449067,-0.0332297921759881,0.0074644053987549,-0.06377186626266,0.0431286321882336,-0.0334854952778266,0.0077232893173751,-0.0697569790614097,0.0505185808654369,0.0412087845952018,0.1202755599268466,2.918687389310944,DEFER,DEFER,1.9868219419004505,2.474212613270912,999,999,365.0,0.1690915825251052,False
NSCLC-VA-tau365,PET_radiomic_candidate_SRDO,72,0.3,114,80,"unpenalized Cox PH for censoring, H=Z=(q0,q1), Breslow baseline",-0.0152715771466825,-0.0105503004868086,-0.0549915381603824,0.0291696605268913,0.0047212766598738,0.0841611986872738,17.825940894877064,-0.0339045192599269,0.0084371772757776,-0.0838073329817704,0.0644678482620514,-0.0341598518929363,0.0086973682140558,-0.0913679224056449,0.0737292657078164,0.0428572201069922,0.1650971881134614,3.852260778960918,DEFER,DEFER,1.9868219419004505,2.474212613270912,999,999,365.0,0.1690915825251052,False
NSCLC-VA-tau365,PET_radiomic_candidate_SRDO,72,0.5,114,80,"unpenalized Cox PH for censoring, H=Z=(q0,q1), Breslow baseline",-0.0165848541764503,-0.0086735972597314,-0.0834868700348896,0.0582284185987078,0.0079112569167188,0.1417152886335975,17.91311925847205,-0.0351921787357007,0.0105575069862701,-0.1269931816870975,0.1093931938293828,-0.0354471603239061,0.0108210364092118,-0.1384082185371422,0.1228176320890846,0.046268196733118,0.2612258506262269,5.645905158850624,DEFER,DEFER,1.9868219419004505,2.474212613270912,999,999,365.0,0.1690915825251052,False
NSCLC-Stanford-tau1095,PET_radiomic_candidate,42,0.0,114,60,"unpenalized Cox PH for censoring, H=Z=(q0,q1), Breslow baseline",0.0150906126418264,0.0150906126418264,0.0150906126418264,0.0150906126418264,0.0,0.0,inf,-0.0159375765582241,0.0461188018418771,-0.0159375765582241,0.0461188018418771,-0.0241939091265031,0.0543751344101561,-0.0267215233507771,0.05690274863443,0.0785690435366592,0.0836242719852071,1.064341224240425,DEFER,DEFER,2.4814934355137988,2.6411557610993355,999,999,1095.0,0.1100913242522144,False
NSCLC-Stanford-tau1095,PET_radiomic_candidate,42,0.1,114,60,"unpenalized Cox PH for censoring, H=Z=(q0,q1), Breslow baseline",0.0124213183656183,0.0178216663481762,0.0059973766169719,0.0242456080968226,0.0054003479825579,0.0182482314798507,3.379084373597592,-0.0185891704275418,0.0489224185826127,-0.0254093827286496,0.0562949097488526,-0.0268407930707607,0.0571980595462411,-0.0363249027909401,0.0674337474530331,0.0840388526170018,0.1037586502439733,1.234650962178676,DEFER,DEFER,2.4814934355137988,2.6411557610993355,999,999,1095.0,0.1100913242522144,False
NSCLC-Stanford-tau1095,PET_radiomic_candidate,42,0.2,114,60,"unpenalized Cox PH for censoring, H=Z=(q0,q1), Breslow baseline",0.0098133373588741,0.0206147288907846,-0.0030562836195193,0.0334843498691781,0.0108013915319104,0.0365406334886974,3.3829561108627244,-0.021230698677316,0.051846104470648,-0.036182781833938,0.0678469060655776,-0.0294912479515226,0.0601565031758279,-0.0476960026624132,0.079789722814854,0.0896477511273506,0.1274857254772672,1.4220738822122296,DEFER,DEFER,2.4814934355137988,2.6411557610993355,999,999,1095.0,0.1100913242522144,False
NSCLC-Stanford-tau1095,PET_radiomic_candidate,42,0.3,114,60,"unpenalized Cox PH for censoring, H=Z=(q0,q1), Breslow baseline",0.0072660862828253,0.0234697980966591,-0.0120925404126262,0.0428284247921108,0.0162037118138338,0.0549209652047371,3.389406441914652,-0.0238588058450954,0.0548925470976008,-0.048084942848285,0.0805811601499361,-0.0321408702254268,0.0632538686136146,-0.0605942178916917,0.0937022445531295,0.0953947388390414,0.1542964624448213,1.617452537976587,DEFER,DEFER,2.4814934355137988,2.6411557610993355,999,999,1095.0,0.1100913242522144,False
NSCLC-Stanford-tau1095,PET_radiomic_candidate,42,0.5,114,60,"unpenalized Cox PH for censoring, H=Z=(q0,q1), Breslow baseline",0.0023511231016902,0.0293644109159663,-0.0302002139259048,0.0619157479435614,0.027013287814276,0.0921159618694662,3.4100240778830515,-0.0290605832904997,0.0613598860354275,-0.0744062870044689,0.1087721633514206,-0.0374189664639088,0.0698736050141018,-0.0897702496551209,0.1250572609892579,0.1072925714780106,0.2148275106443789,2.002258941928774,DEFER,DEFER,2.4814934355137988,2.6411557610993355,999,999,1095.0,0.1100913242522144,False
NSCLC-Stanford-tau1095,PET_radiomic_candidate,52,0.0,114,60,"unpenalized Cox PH for censoring, H=Z=(q0,q1), Breslow baseline",0.0059135295186696,0.0059135295186696,0.0059135295186696,0.0059135295186696,0.0,0.0,inf,-0.0189723471829915,0.0307994062203308,-0.0189723471829915,0.0307994062203308,-0.0246178864381712,0.0364449454755105,-0.0291346179069287,0.0409616769442679,0.0610628319136818,0.0700962948511967,1.1479371764199298,DEFER,DEFER,2.4045958432489245,2.7603249627302717,999,999,1095.0,0.0466872546623513,False
NSCLC-Stanford-tau1095,PET_radiomic_candidate,52,0.1,114,60,"unpenalized Cox PH for censoring, H=Z=(q0,q1), Breslow baseline",0.0033460687861574,0.0085539784721645,-0.0154980520914214,0.0273980993497433,0.005207909686007,0.0428961514411648,8.236731054768606,-0.0211839672874089,0.0337893647860814,-0.038756536244175,0.0567143906735666,-0.0267487815491081,0.0395141927984831,-0.0482542531790543,0.0686858431012247,0.0662629743475913,0.1169400962802791,1.7647879140899132,DEFER,DEFER,2.4045958432489245,2.7603249627302717,999,999,1095.0,0.0466872546623513,False
NSCLC-Stanford-tau1095,PET_radiomic_candidate,52,0.2,114,60,"unpenalized Cox PH for censoring, H=Z=(q0,q1), Breslow baseline",0.0008581054462583,0.0112599528638303,-0.0368090783224009,0.0489271366324896,0.010401847417572,0.0857362149548905,8.242402672630535,-0.0233134202250842,0.0368345889699319,-0.0617837130428465,0.084384557632904,-0.0287969038359325,0.0426363782259358,-0.0719822285423494,0.0988637707102064,0.0714332820618683,0.1708459992525558,2.3916862605386977,DEFER,DEFER,2.4045958432489245,2.7603249627302717,999,999,1095.0,0.0466872546623513,False
NSCLC-Stanford-tau1095,PET_radiomic_candidate,52,0.3,114,60,"unpenalized Cox PH for censoring, H=Z=(q0,q1), Breslow baseline",-0.0015448301262507,0.0140230835910775,-0.0579922849287648,0.0704705383935916,0.0155679137173283,0.1284628233223564,8.251768711909504,-0.0253585051579951,0.0399225950421982,-0.0873562877409842,0.1129419834681916,-0.0307608077898663,0.0457980845955769,-0.0993472233906939,0.1302854079357774,0.0765588923854433,0.2296326313264713,2.999424680419397,DEFER,DEFER,2.4045958432489245,2.7603249627302717,999,999,1095.0,0.0466872546623513,False
NSCLC-Stanford-tau1095,PET_radiomic_candidate,52,0.5,114,60,"unpenalized Cox PH for censoring, H=Z=(q0,q1), Breslow baseline",-0.0060783978525329,0.0196832487613463,-0.0998640197792431,0.1134688706880564,0.0257616466138793,0.2133328904672995,8.281026972567993,-0.0291897571409412,0.0461725940296896,-0.1418532586853995,0.1707983057662181,-0.0344327344194778,0.0521818916063532,-0.158999771881294,0.1942090638720706,0.086614626025831,0.3532088357533647,4.077935239806118,DEFER,DEFER,2.4045958432489245,2.7603249627302717,999,999,1095.0,0.0466872546623513,False
NSCLC-Stanford-tau1095,PET_radiomic_candidate,62,0.0,114,60,"unpenalized Cox PH for censoring, H=Z=(q0,q1), Breslow baseline",0.0068616768666466,0.0068616768666466,0.0068616768666466,0.0068616768666466,0.0,0.0,inf,-0.0319052922571766,0.0456286459904699,-0.0319052922571766,0.0456286459904699,-0.0426299243508444,0.0563532780841377,-0.046744409024216,0.0604677627575093,0.0989832024349821,0.1072121717817253,1.0831350082065532,DEFER,DEFER,2.502175385794892,2.7101937570271866,999,999,1095.0,0.0462514082787559,False
NSCLC-Stanford-tau1095,PET_radiomic_candidate,62,0.1,114,60,"unpenalized Cox PH for censoring, H=Z=(q0,q1), Breslow baseline",0.0040759223485808,0.0096423302338994,-0.0047437150373596,0.01846196761984,0.0055664078853185,0.0232056826571997,4.168879308755786,-0.0347381670052613,0.0483798412091977,-0.0428258640122061,0.0595595921066819,-0.0454758346067994,0.0590963238959804,-0.0574028471540289,0.0752908309007257,0.1045721585027799,0.1326936780547546,1.2689197579413751,DEFER,DEFER,2.502175385794892,2.7101937570271866,999,999,1095.0,0.0462514082787559,False
NSCLC-Stanford-tau1095,PET_radiomic_candidate,62,0.2,114,60,"unpenalized Cox PH for censoring, H=Z=(q0,q1), Breslow baseline",0.0012892510092352,0.0124141104449977,-0.0163765644132389,0.0300799258674719,0.0111248594357624,0.0464564902807109,4.175917057555791,-0.0375874434121504,0.0511417228968753,-0.055503357147864,0.0749008602330445,-0.0483424303020357,0.0618554672209653,-0.0704802062343729,0.0920572976252527,0.1101978975230011,0.1625375038596256,1.4749601173261937,DEFER,DEFER,2.502175385794892,2.7101937570271866,999,999,1095.0,0.0462514082787559,False
NSCLC-Stanford-tau1095,PET_radiomic_candidate,62,0.3,114,60,"unpenalized Cox PH for censoring, H=Z=(q0,q1), Breslow baseline",-0.001493748502147,0.0151736486480387,-0.0280583401703972,0.0417382403162889,0.0166673971501857,0.0697965804866861,4.187611290339251,-0.0404461312596662,0.0539124881446094,-0.0698272622862021,0.0913652582801186,-0.0512220568398118,0.0646293383582377,-0.0858154585914147,0.1103613554991989,0.1158513951980495,0.1961768140906137,1.6933487400410396,DEFER,DEFER,2.502175385794892,2.7101937570271866,999,999,1095.0,0.0462514082787559,False
NSCLC-Stanford-tau1095,PET_radiomic_candidate,62,0.5,114,60,"unpenalized Cox PH for censoring, H=Z=(q0,q1), Breslow baseline",-0.0070285257609231,0.0206443741885285,-0.0516474111805442,0.0652632596081496,0.0276728999494517,0.1169106707886938,4.224735065795306,-0.0461611480196919,0.0594733803752386,-0.1023463737200603,0.1266914041287239,-0.0569869356959295,0.070215174622427,-0.1217527870171295,0.150204705011542,0.1272021103183566,0.2719574920286715,2.137995127187958,DEFER,DEFER,2.502175385794892,2.7101937570271866,999,999,1095.0,0.0462514082787559,False
NSCLC-Stanford-tau1095,PET_radiomic_candidate,72,0.0,114,60,"unpenalized Cox PH for censoring, H=Z=(q0,q1), Breslow baseline",-0.015731621430697,-0.015731621430697,-0.015731621430697,-0.015731621430697,0.0,0.0,inf,-0.0351111413351546,0.0036478984737605,-0.0351111413351546,0.0036478984737605,-0.0400467166275933,0.0085834737661992,-0.0421647854234003,0.0107015425620061,0.0486301903937925,0.0528663279854064,1.0871092125552242,DEFER,DEFER,2.4591275274893616,2.6733401899818343,999,999,1095.0,0.0548040514784008,False
NSCLC-Stanford-tau1095,PET_radiomic_candidate,72,0.1,114,60,"unpenalized Cox PH for censoring, H=Z=(q0,q1), Breslow baseline",-0.0174983612273392,-0.0138690676590648,-0.0328864936190792,0.001519064732675,0.0036292935682743,0.0344055583517543,9.479960136736324,-0.0365657391574241,0.0058747924583518,-0.0525624920400632,0.0262573817825952,-0.0414218181453083,0.0109031579004943,-0.0597240466413504,0.0352614894525783,0.0523249760458027,0.0949855360939288,1.815300135269688,DEFER,DEFER,2.4591275274893616,2.6733401899818343,999,999,1095.0,0.0548040514784008,False
NSCLC-Stanford-tau1095,PET_radiomic_candidate,72,0.2,114,60,"unpenalized Cox PH for censoring, H=Z=(q0,q1), Breslow baseline",-0.019170251152646,-0.0119103537534624,-0.0499564900788934,0.018875885172785,0.0072598973991835,0.0688323752516785,9.481177414355626,-0.0379735606329925,0.0082534792037239,-0.0753007492001593,0.0520189820219086,-0.0427623866795,0.0133888033105641,-0.0845254041143692,0.064082212190072,0.0561511899900642,0.1486076163044412,2.646562189167084,DEFER,DEFER,2.4591275274893616,2.6733401899818343,999,999,1095.0,0.0548040514784008,False
NSCLC-Stanford-tau1095,PET_radiomic_candidate,72,0.3,114,60,"unpenalized Cox PH for censoring, H=Z=(q0,q1), Breslow baseline",-0.0207487954625567,-0.0098558293435213,-0.0669522434123094,0.0363476186062314,0.0108929661190354,0.1032998620185408,9.483171148216844,-0.0393315224097224,0.0107861358767038,-0.1006345083331569,0.0791802735416623,-0.0440641705062044,0.0160432306876485,-0.1128939817364693,0.0947702522799733,0.0601074011938529,0.2076642340164426,3.454886251806208,DEFER,DEFER,2.4591275274893616,2.6733401899818343,999,999,1095.0,0.0548040514784008,False
NSCLC-Stanford-tau1095,PET_radiomic_candidate,72,0.5,114,60,"unpenalized Cox PH for censoring, H=Z=(q0,q1), Breslow baseline",-0.0236341142926373,-0.0054646731746235,-0.100756690951839,0.0716579034845781,0.0181694411180137,0.1724145944364172,9.48926240034318,-0.0418867703502444,0.01631251128899,-0.1535997002594095,0.1352315097787731,-0.0465353560068264,0.0218587236878208,-0.1728331891200764,0.1583706584478978,0.0683940796946473,0.3312038475679743,4.842580659710158,DEFER,DEFER,2.4591275274893616,2.6733401899818343,999,999,1095.0,0.0548040514784008,False
NSCLC-Stanford-tau1095,PET_radiomic_candidate_SRDO,42,0.0,114,60,"unpenalized Cox PH for censoring, H=Z=(q0,q1), Breslow baseline",0.0097195425991846,0.0097195425991846,0.0097195425991846,0.0097195425991846,0.0,0.0,inf,-0.0122836500855901,0.0317227352839594,-0.0122836500855901,0.0317227352839594,-0.0167216971078582,0.0361607823062275,-0.018080428543749,0.0375195137421183,0.0528824794140857,0.0555999422858673,1.0513868279606005,DEFER,DEFER,2.355288992594885,2.4763198228548533,999,999,1095.0,0.1558375232143089,False
NSCLC-Stanford-tau1095,PET_radiomic_candidate_SRDO,42,0.1,114,60,"unpenalized Cox PH for censoring, H=Z=(q0,q1), Breslow baseline",0.0085108496294443,0.010954386619237,0.002655220097248,0.0168100161514333,0.0024435369897927,0.0141547960541852,5.792748836343916,-0.0138224861434106,0.0326394131143365,-0.0223215728020911,0.0375065666277875,-0.0183271230724239,0.0370132859719319,-0.0289017512837788,0.0429591079784136,0.0553404090443559,0.0718608592621924,1.2985241797651916,DEFER,DEFER,2.355288992594885,2.4763198228548533,999,999,1095.0,0.1558375232143089,False
NSCLC-Stanford-tau1095,PET_radiomic_candidate_SRDO,42,0.2,114,60,"unpenalized Cox PH for censoring, H=Z=(q0,q1), Breslow baseline",0.0073276526620723,0.0122158679653696,-0.004400311444811,0.0239438320722529,0.0048882153032972,0.0283441435170639,5.798464625309136,-0.0153450363558612,0.0335979003278133,-0.0335108994889395,0.0453286325186217,-0.0199181208815662,0.0379106592267455,-0.0411801333176877,0.050962494491994,0.0578287801083117,0.0921426278096818,1.593369731076829,DEFER,DEFER,2.355288992594885,2.4763198228548533,999,999,1095.0,0.1558375232143089,False
NSCLC-Stanford-tau1095,PET_radiomic_candidate_SRDO,42,0.3,114,60,"unpenalized Cox PH for censoring, H=Z=(q0,q1), Breslow baseline",0.0061691608666088,0.0135042747501026,-0.0114644287943761,0.0311378644110875,0.0073351138834937,0.0426022932054637,5.807993424796268,-0.016849739932468,0.0346021047361237,-0.0454599797751725,0.0550691646128165,-0.0214926554225421,0.0388575399762364,-0.0544161653806861,0.0613739062688356,0.0603501953987785,0.1157900716495217,1.9186362344713344,DEFER,DEFER,2.355288992594885,2.4763198228548533,999,999,1095.0,0.1558375232143089,False
NSCLC-Stanford-tau1095,PET_radiomic_candidate_SRDO,42,0.5,114,60,"unpenalized Cox PH for censoring, H=Z=(q0,q1), Breslow baseline",0.0039226616432249,0.0161618857479423,-0.0256871053094753,0.0457716527006426,0.0122392241047174,0.0714587580101179,5.838503927922605,-0.0198017430131452,0.0367641065266518,-0.0707808266518758,0.0785374236144353,-0.0245869587292781,0.0409195773207756,-0.0826608440757436,0.0871696215740281,0.0655065360500538,0.1698304656497718,2.5925728315110965,DEFER,DEFER,2.355288992594885,2.4763198228548533,999,999,1095.0,0.1558375232143089,False
NSCLC-Stanford-tau1095,PET_radiomic_candidate_SRDO,52,0.0,114,60,"unpenalized Cox PH for censoring, H=Z=(q0,q1), Breslow baseline",0.009537460918566,0.009537460918566,0.0095374609185659,0.0095374609185659,0.0,0.0,inf,-0.0080652281616804,0.0271401499988125,-0.0080652281616804,0.0271401499988124,-0.0122756965216305,0.0313506183587625,-0.0135618565084484,0.0326367783455804,0.0436263148803931,0.0461986348540289,1.058962577533494,DEFER,DEFER,2.428776806599623,2.571983747370307,999,999,1095.0,0.0989593757798076,False
NSCLC-Stanford-tau1095,PET_radiomic_candidate_SRDO,52,0.1,114,60,"unpenalized Cox PH for censoring, H=Z=(q0,q1), Breslow baseline",0.0069724797533561,0.0121698955243412,-0.0079989246595376,0.027141299937235,0.005197415770985,0.0351402245967727,6.761095541546915,-0.010348649307252,0.0300785501857935,-0.024101338164969,0.0498000405956021,-0.0144917700279459,0.0343622038637951,-0.0291294893821974,0.0568754752429486,0.048853973891741,0.086004964625146,1.760449719315168,DEFER,DEFER,2.428776806599623,2.571983747370307,999,999,1095.0,0.0989593757798076,False
NSCLC-Stanford-tau1095,PET_radiomic_candidate_SRDO,52,0.2,114,60,"unpenalized Cox PH for censoring, H=Z=(q0,q1), Breslow baseline",0.0044783066033682,0.0148658021277135,-0.0254763227099055,0.0448204314409873,0.0103874955243453,0.0702967541508928,6.767440138591342,-0.0125876651032903,0.0331019668991758,-0.0444723751261793,0.0742840474176293,-0.0166697535600662,0.0374639592304067,-0.0504040961099438,0.0834843773238841,0.0541337127904729,0.133888473433828,2.473291901334193,DEFER,DEFER,2.428776806599623,2.571983747370307,999,999,1095.0,0.0989593757798076,False
NSCLC-Stanford-tau1095,PET_radiomic_candidate_SRDO,52,0.3,114,60,"unpenalized Cox PH for censoring, H=Z=(q0,q1), Breslow baseline",0.0020577170531538,0.0176205324297255,-0.0429029140061986,0.062581163489078,0.0155628153765716,0.1054840774952766,6.777955976659135,-0.0147806129991348,0.0362020877723468,-0.0676208185595095,0.0995851315113034,-0.0188082507990388,0.0406466956667488,-0.0753392492050238,0.1111400171680698,0.0594549464657876,0.1864792663730937,3.1364802671279874,DEFER,DEFER,2.428776806599623,2.571983747370307,999,999,1095.0,0.0989593757798076,False
NSCLC-Stanford-tau1095,PET_radiomic_candidate_SRDO,52,0.5,114,60,"unpenalized Cox PH for censoring, H=Z=(q0,q1), Breslow baseline",-0.0025541883140044,0.0232843790440481,-0.0776296866895517,0.0983598774195954,0.0258385673580525,0.1759895641091472,6.81111927261324,-0.0190199880843657,0.0425922956604242,-0.1167408917871491,0.1510787050801308,-0.0229585186485498,0.0472106452568523,-0.1289537848079635,0.1675407241049658,0.0701691639054021,0.2964945089129294,4.22542456559188,DEFER,DEFER,2.428776806599623,2.571983747370307,999,999,1095.0,0.0989593757798076,False
NSCLC-Stanford-tau1095,PET_radiomic_candidate_SRDO,62,0.0,114,60,"unpenalized Cox PH for censoring, H=Z=(q0,q1), Breslow baseline",0.0018532032079332,0.0018532032079332,0.0018532032079332,0.0018532032079332,0.0,0.0,inf,-0.0102931994460897,0.0139996058619562,-0.0102931994460897,0.0139996058619562,-0.0136970960668881,0.0174035024827547,-0.0147292972658259,0.0184357036816924,0.0311005985496429,0.0331650009475184,1.066378220810775,DEFER,DEFER,2.5092224748020167,2.6757801982977854,999,999,1095.0,0.0242807023283028,False
NSCLC-Stanford-tau1095,PET_radiomic_candidate_SRDO,62,0.1,114,60,"unpenalized Cox PH for censoring, H=Z=(q0,q1), Breslow baseline",0.0006350923984865,0.0031001852084789,-0.009655324657533,0.0133906022644985,0.0024650928099924,0.0230459269220316,9.348908417814124,-0.0115001785371712,0.015287726448379,-0.0237155045580731,0.0285828167730563,-0.0149009556155334,0.0187031517083507,-0.0288505503142935,0.0341313031503012,0.0336041073238841,0.0629818534645948,1.8742308152262797,DEFER,DEFER,2.5092224748020167,2.6757801982977854,999,999,1095.0,0.0242807023283028,False
NSCLC-Stanford-tau1095,PET_radiomic_candidate_SRDO,62,0.2,114,60,"unpenalized Cox PH for censoring, H=Z=(q0,q1), Breslow baseline",-0.0005535032684768,0.0043752590778057,-0.0211601045387412,0.0249818603480701,0.0049287623462826,0.0461419648868114,9.36177515672115,-0.0127058131159586,0.0166353073590872,-0.0406728571376665,0.046145811400321,-0.0161113651631763,0.0200710519251261,-0.0477992863963305,0.0538752898141457,0.0361824170883025,0.1016745762104763,2.810054838579227,DEFER,DEFER,2.5092224748020167,2.6757801982977854,999,999,1095.0,0.0242807023283028,False
NSCLC-Stanford-tau1095,PET_radiomic_candidate_SRDO,62,0.3,114,60,"unpenalized Cox PH for censoring, H=Z=(q0,q1), Breslow baseline",-0.0017120503390494,0.0056774852731229,-0.0326858702438268,0.0366513051779002,0.0073895356121724,0.069337175421727,9.383157353962954,-0.0139073422455414,0.0180422277037868,-0.0590694053773962,0.0649207147009105,-0.0173249395451344,0.0215073116612036,-0.0687051754087969,0.0752452420134247,0.0388322512063381,0.1439504174222216,3.7069810003373247,DEFER,DEFER,2.5092224748020167,2.6757801982977854,999,999,1095.0,0.0242807023283028,False
NSCLC-Stanford-tau1095,PET_radiomic_candidate_SRDO,62,0.5,114,60,"unpenalized Cox PH for censoring, H=Z=(q0,q1), Breslow baseline",-0.0039372762157242,0.0083586946502826,-0.0558942441439351,0.0603156625784935,0.0122959708660069,0.1162099067224287,9.451055796146951,-0.0162860475421828,0.0210296877397493,-0.0973714936619666,0.1039534145236793,-0.0197466557721613,0.0245805950979135,-0.1125197759473931,0.1198907534853604,0.0443272508700749,0.2324105294327536,5.243062108993822,DEFER,DEFER,2.5092224748020167,2.6757801982977854,999,999,1095.0,0.0242807023283028,False
NSCLC-Stanford-tau1095,PET_radiomic_candidate_SRDO,72,0.0,114,60,"unpenalized Cox PH for censoring, H=Z=(q0,q1), Breslow baseline",-0.015246116971413,-0.015246116971413,-0.015246116971413,-0.015246116971413,0.0,0.0,inf,-0.0348018882951068,0.0043096543522806,-0.0348018882951068,0.0043096543522807,-0.0384427445855169,0.0079505106426907,-0.0412207763387283,0.0107285423959022,0.0463932552282076,0.0519493187346305,1.1197601564945758,DEFER,DEFER,2.324866349370013,2.603292707199538,999,999,1095.0,0.0549705334726512,False
NSCLC-Stanford-tau1095,PET_radiomic_candidate_SRDO,72,0.1,114,60,"unpenalized Cox PH for censoring, H=Z=(q0,q1), Breslow baseline",-0.0171511374169651,-0.0132358768658376,-0.0327098636795675,0.0023228493967647,0.0039152605511275,0.0350327130763322,8.947734797941735,-0.0364646950013735,0.0066195775180384,-0.0533305798706633,0.0266664990787331,-0.0400604563987362,0.0103162282302963,-0.0600990200625143,0.0346569362389577,0.0503766846290325,0.094755956301472,1.8809486372365076,DEFER,DEFER,2.324866349370013,2.603292707199538,999,999,1095.0,0.0549705334726512,False
NSCLC-Stanford-tau1095,PET_radiomic_candidate_SRDO,72,0.2,114,60,"unpenalized Cox PH for censoring, H=Z=(q0,q1), Breslow baseline",-0.0189519449188381,-0.0111201306351974,-0.0500782078088713,0.0200061322548358,0.0078318142836407,0.0700843400637071,8.9486723670275,-0.0380753174430112,0.0090970931560403,-0.0768414010531698,0.0525313790279274,-0.0416356705477814,0.0128610974081135,-0.0856260170256841,0.0632073024764023,0.054496767955895,0.1488333195020865,2.7310485572748,DEFER,DEFER,2.324866349370013,2.603292707199538,999,999,1095.0,0.0549705334726512,False
NSCLC-Stanford-tau1095,PET_radiomic_candidate_SRDO,72,0.3,114,60,"unpenalized Cox PH for censoring, H=Z=(q0,q1), Breslow baseline",-0.0206501786941705,-0.0088993983684774,-0.067360759640451,0.037811182577803,0.0117507803256931,0.105171942218254,8.950209203408802,-0.0396294483254842,0.0117451677652404,-0.102693628681615,0.0799738744294433,-0.0431629726278897,0.015588733801404,-0.1142911119453093,0.0938131443888689,0.0587517064292938,0.2081042563341783,3.5420972254589147,DEFER,DEFER,2.324866349370013,2.603292707199538,999,999,1095.0,0.0549705334726512,False
NSCLC-Stanford-tau1095,PET_radiomic_candidate_SRDO,72,0.5,114,60,"unpenalized Cox PH for censoring, H=Z=(q0,q1), Breslow baseline",-0.0237481270117448,-0.0041495722916416,-0.1017005379673829,0.0738028386639965,0.0195985547201032,0.1755033766313795,8.95491423412753,-0.0425528930114694,0.017553157182692,-0.1564305256692991,0.1367661694590452,-0.046053928559826,0.0215937300559265,-0.1743948216243116,0.1574329365498042,0.0676476586157526,0.3318277581741158,4.905236411195543,DEFER,DEFER,2.324866349370013,2.603292707199538,999,999,1095.0,0.0549705334726512,False
NSCLC-VA-tau1095,PET_radiomic_candidate,42,0.0,114,80,"unpenalized Cox PH for censoring, H=Z=(q0,q1), Breslow baseline",0.041664617462961,0.041664617462961,0.041664617462961,0.041664617462961,0.0,0.0,inf,-0.0141654279010222,0.0974946628269443,-0.0141654279010222,0.0974946628269443,-0.0250876149198202,0.1084168498457423,-0.0383477765304807,0.1216770114564028,0.1335044647655626,0.1600247879868835,1.1986474629735515,DEFER,DEFER,2.3433971888244463,2.808907095123775,999,999,1095.0,0.1100913242522144,False
NSCLC-VA-tau1095,PET_radiomic_candidate,42,0.1,114,80,"unpenalized Cox PH for censoring, H=Z=(q0,q1), Breslow baseline",0.03773530283642,0.0457244970654747,0.0294943216894426,0.0539654782124521,0.0079891942290547,0.0244711565230094,3.063031867971593,-0.018084366422202,0.1016339535571985,-0.0256705553391054,0.111491461066114,-0.0290045235346559,0.1125716759957316,-0.0495647914929264,0.1364083917895293,0.1415761995303875,0.1859731832824557,1.3135907299343694,DEFER,DEFER,2.3433971888244463,2.808907095123775,999,999,1095.0,0.1100913242522144,False
NSCLC-VA-tau1095,PET_radiomic_candidate,42,0.2,114,80,"unpenalized Cox PH for censoring, H=Z=(q0,q1), Breslow baseline",0.0339371182446248,0.0499135593245854,0.0174379539816476,0.0664127235875625,0.0159764410799605,0.0489747696059149,3.065436749073261,-0.02193509832443,0.1059769873715974,-0.0381130493456693,0.1265904725554238,-0.03286553541334,0.1169448316936337,-0.0621745330937016,0.1526559950852631,0.1498103671069738,0.2148305281789648,1.4340164324246174,DEFER,DEFER,2.3433971888244463,2.808907095123775,999,999,1095.0,0.1100913242522144,False
NSCLC-VA-tau1095,PET_radiomic_candidate,42,0.3,114,80,"unpenalized Cox PH for censoring, H=Z=(q0,q1), Breslow baseline",0.0302698626649934,0.0542295594329575,0.0054784718780582,0.0790209502198927,0.023959696767964,0.0735424783418345,3.069424419434488,-0.0257113384892733,0.1105262389744689,-0.0514695040148329,0.1426951536730317,-0.036663096535637,0.1215397149349666,-0.0761360755321167,0.1702751381879685,0.1582028114706037,0.2464112137200853,1.5575653266179277,DEFER,DEFER,2.3433971888244463,2.808907095123775,999,999,1095.0,0.1100913242522144,False
NSCLC-VA-tau1095,PET_radiomic_candidate,42,0.5,114,80,"unpenalized Cox PH for censoring, H=Z=(q0,q1), Breslow baseline",0.0233238520344836,0.063228851067052,-0.0182175457053765,0.1047702488069123,0.0399049990325683,0.1229877945122888,3.082014722313681,-0.0330179555395256,0.1202434423247298,-0.0805895812244555,0.1774673284478027,-0.0440402600225065,0.1313973653505279,-0.1076055418567275,0.2089555013976607,0.1754376253730344,0.3165610432543883,1.804407934622245,DEFER,DEFER,2.3433971888244463,2.808907095123775,999,999,1095.0,0.1100913242522144,False
NSCLC-VA-tau1095,PET_radiomic_candidate,52,0.0,114,80,"unpenalized Cox PH for censoring, H=Z=(q0,q1), Breslow baseline",0.0075052185515844,0.0075052185515844,0.0075052185515844,0.0075052185515844,0.0,0.0,inf,-0.0335879163334079,0.0485983534365767,-0.0335879163334078,0.0485983534365768,-0.0442841994334037,0.0592946365365726,-0.0514763278316985,0.0664867649348674,0.1035788359699764,0.1179630927665659,1.1388725472910215,DEFER,DEFER,2.470130213111064,2.8131634879463125,999,999,1095.0,0.0466872546623513,False
NSCLC-VA-tau1095,PET_radiomic_candidate,52,0.1,114,80,"unpenalized Cox PH for censoring, H=Z=(q0,q1), Breslow baseline",0.0038277706992963,0.0112951401097405,-0.0124007366701212,0.0275236474791581,0.0074673694104441,0.0399243841492794,5.346512534044381,-0.0365927196994812,0.0530157775492977,-0.0500324869960116,0.0729553563006058,-0.0471139176941343,0.0638753955953467,-0.0664141097929696,0.0927324092011229,0.110989313289481,0.1591465189940926,1.4338904735720677,DEFER,DEFER,2.470130213111064,2.8131634879463125,999,999,1095.0,0.0466872546623513,False
NSCLC-VA-tau1095,PET_radiomic_candidate,52,0.2,114,80,"unpenalized Cox PH for censoring, H=Z=(q0,q1), Breslow baseline",0.0002730121187377,0.0151857053225212,-0.0321528513139077,0.0476115687551667,0.0149126932037834,0.0797644200690744,5.348760212463684,-0.0394364221799607,0.0574820489133724,-0.0675006364848262,0.0979687747743247,-0.0497725367691323,0.0684915196293111,-0.082888017575615,0.1198899649121908,0.1182640563984434,0.2027779824878059,1.714620558968708,DEFER,DEFER,2.470130213111064,2.8131634879463125,999,999,1095.0,0.0466872546623513,False
NSCLC-VA-tau1095,PET_radiomic_candidate,52,0.3,114,80,"unpenalized Cox PH for censoring, H=Z=(q0,q1), Breslow baseline",-0.0031505031268954,0.019163559313677,-0.0517111472741017,0.0677242034608832,0.0223140624405724,0.1194353507349849,5.352470042291457,-0.0421171470909633,0.0619773752111226,-0.0861773951885879,0.123349953054551,-0.0522599180541159,0.0731215406954997,-0.1011810308864232,0.1475646132749814,0.1253814587496157,0.2487456441614046,1.983910911884865,DEFER,DEFER,2.470130213111064,2.8131634879463125,999,999,1095.0,0.0466872546623513,False
NSCLC-VA-tau1095,PET_radiomic_candidate,52,0.5,114,80,"unpenalized Cox PH for censoring, H=Z=(q0,q1), Breslow baseline",-0.0095779013786609,0.0273209337164589,-0.0900919570903028,0.1078349894281008,0.0368988350951198,0.1979269465184036,5.364043228144649,-0.0469895438002405,0.0709712289225776,-0.1269789806143248,0.1742946220191783,-0.0567275576971354,0.0823331246803421,-0.1430364135064991,0.2032254217535297,0.1390606823774775,0.3462618352600289,2.4900052936609915,DEFER,DEFER,2.470130213111064,2.8131634879463125,999,999,1095.0,0.0466872546623513,False
NSCLC-VA-tau1095,PET_radiomic_candidate,62,0.0,114,80,"unpenalized Cox PH for censoring, H=Z=(q0,q1), Breslow baseline",0.0003839636825468,0.0003839636825468,0.0003839636825468,0.0003839636825468,0.0,0.0,inf,-0.0373312198840295,0.0380991472491232,-0.0373312198840295,0.0380991472491232,-0.0483001703740888,0.0490680977391825,-0.0529314506481608,0.0536993780132545,0.0973682681132713,0.1066308286614153,1.0951291496462543,DEFER,DEFER,2.52999297222266,2.770669052281202,999,999,1095.0,0.0462514082787559,False
NSCLC-VA-tau1095,PET_radiomic_candidate,62,0.1,114,80,"unpenalized Cox PH for censoring, H=Z=(q0,q1), Breslow baseline",-0.002597623106525,0.003425527113464,-0.0128458778831746,0.0136737818901137,0.0060231502199891,0.0265196597732883,4.402955065818731,-0.0397581317837289,0.0417264192508429,-0.0471139546432356,0.0562072536112001,-0.0505657625923165,0.0528657151484327,-0.0612883495353149,0.0738004856016346,0.1034314777407492,0.1350888351369495,1.3060708218396473,DEFER,DEFER,2.52999297222266,2.770669052281202,999,999,1095.0,0.0462514082787559,False
NSCLC-VA-tau1095,PET_radiomic_candidate,62,0.2,114,80,"unpenalized Cox PH for censoring, H=Z=(q0,q1), Breslow baseline",-0.005514798599706,0.0065224221403489,-0.0260269256786036,0.0270345492192465,0.012037220740055,0.0530614748978501,4.408116794043907,-0.042151706679323,0.0454393725709595,-0.0586457466175462,0.0753445533155923,-0.0528070553434699,0.0567578406819238,-0.0721379554782858,0.095327147614484,0.1095648960253938,0.1674651030927699,1.5284558208676309,DEFER,DEFER,2.52999297222266,2.770669052281202,999,999,1095.0,0.0462514082787559,False
NSCLC-VA-tau1095,PET_radiomic_candidate,62,0.3,114,80,"unpenalized Cox PH for censoring, H=Z=(q0,q1), Breslow baseline",-0.008363353746235,0.0096698007247558,-0.0391700182835789,0.0404764652620997,0.0180331544709909,0.0796464835456787,4.416669511360428,-0.0445071707595049,0.0492318111653524,-0.0721803641131515,0.0952041193304948,-0.0550191105632838,0.0607378862463361,-0.0858345204461326,0.1178412630988504,0.11575699680962,0.203675783544983,1.7595116421339,DEFER,DEFER,2.52999297222266,2.770669052281202,999,999,1095.0,0.0462514082787559,False
NSCLC-VA-tau1095,PET_radiomic_candidate,62,0.5,114,80,"unpenalized Cox PH for censoring, H=Z=(q0,q1), Breslow baseline",-0.0138390308223652,0.0160955879401815,-0.0653807795618595,0.0676373366796758,0.0299346187625467,0.1330181162415354,4.443621523851284,-0.049083242364178,0.0570260157362343,-0.1045785505211556,0.1363004701017597,-0.0593335440969243,0.0689300764771643,-0.1207920278153905,0.1647017829173792,0.1282636205740886,0.2854938107327697,2.2258362071407505,DEFER,DEFER,2.52999297222266,2.770669052281202,999,999,1095.0,0.0462514082787559,False
NSCLC-VA-tau1095,PET_radiomic_candidate,72,0.0,114,80,"unpenalized Cox PH for censoring, H=Z=(q0,q1), Breslow baseline",-0.0220870754070444,-0.0220870754070444,-0.0220870754070444,-0.0220870754070444,0.0,0.0,inf,-0.0447157510360373,0.0005416002219485,-0.0447157510360373,0.0005416002219485,-0.0491916227868708,0.0050174719727819,-0.053078617439484,0.0089044666253952,0.0542090947596527,0.0619830840648793,1.1434074732237116,DEFER,DEFER,2.347637906553146,2.684306726776137,999,999,1095.0,0.0548040514784008,False
NSCLC-VA-tau1095,PET_radiomic_candidate,72,0.1,114,80,"unpenalized Cox PH for censoring, H=Z=(q0,q1), Breslow baseline",-0.0240887247083871,-0.0199611253630222,-0.037685692205952,-0.0063641578654573,0.0041275993453648,0.0313215343404947,7.58831749880663,-0.0459593939903862,0.0035047844309635,-0.0563043000827164,0.023509639221263,-0.0502853347752592,0.0081462581290502,-0.0631851680948082,0.0345500809199289,0.0584315929043094,0.0977352490147372,1.6726439269727496,DEFER,DEFER,2.347637906553146,2.684306726776137,999,999,1095.0,0.0548040514784008,False
NSCLC-VA-tau1095,PET_radiomic_candidate,72,0.2,114,80,"unpenalized Cox PH for censoring, H=Z=(q0,q1), Breslow baseline",-0.0259687792453372,-0.0177089053163134,-0.0531801129976565,0.0095024284360058,0.0082598739290237,0.0626825414336623,7.588801230174568,-0.0471591830669154,0.0066736810035191,-0.0729825907122295,0.0481104895424962,-0.0513505697573603,0.0114964700659674,-0.0803009808071418,0.062378848081164,0.0628470398233277,0.1426798288883059,2.2702712695681417,DEFER,DEFER,2.347637906553146,2.684306726776137,999,999,1095.0,0.0548040514784008,False
NSCLC-VA-tau1095,PET_radiomic_candidate,72,0.3,114,80,"unpenalized Cox PH for censoring, H=Z=(q0,q1), Breslow baseline",-0.0277305647373276,-0.0153293029963043,-0.0685902080348221,0.0255303403011901,0.0124012617410232,0.0941205483360123,7.589594534938501,-0.0483158044413882,0.0100482667363743,-0.0939512376856577,0.0735697337860852,-0.0523874918165649,0.0150678599875927,-0.1033238985652033,0.0913236243099323,0.0674553518041576,0.1946475228751356,2.8855756833090656,DEFER,DEFER,2.347637906553146,2.684306726776137,999,999,1095.0,0.0548040514784008,False
NSCLC-VA-tau1095,PET_radiomic_candidate,72,0.5,114,80,"unpenalized Cox PH for censoring, H=Z=(q0,q1), Breslow baseline",-0.0309150697775722,-0.0101885065735038,-0.0992301019482992,0.0581265255972232,0.0207265632040683,0.1573566275455225,7.592027004005922,-0.0504999390752386,0.0174024901837762,-0.1408782132884097,0.1259216037503163,-0.0543737567334349,0.0228598914470221,-0.1562700814120113,0.1509765910903235,0.0772336481804571,0.3072466725023348,3.9781452739931455,DEFER,DEFER,2.347637906553146,2.684306726776137,999,999,1095.0,0.0548040514784008,False
NSCLC-VA-tau1095,PET_radiomic_candidate_SRDO,42,0.0,114,80,"unpenalized Cox PH for censoring, H=Z=(q0,q1), Breslow baseline",0.0327787452652566,0.0327787452652566,0.0327787452652566,0.0327787452652566,0.0,0.0,inf,-0.0146901862190608,0.0802476767495742,-0.0146901862190608,0.0802476767495742,-0.0203093861395022,0.0858668766700156,-0.0281677406872625,0.0937252312177759,0.1061762628095178,0.1218929719050384,1.148024696666115,DEFER,DEFER,2.191977411461914,2.51644420289254,999,999,1095.0,0.1558375232143089,False
NSCLC-VA-tau1095,PET_radiomic_candidate_SRDO,42,0.1,114,80,"unpenalized Cox PH for censoring, H=Z=(q0,q1), Breslow baseline",0.0309436470626004,0.0346669927038678,0.0232699124812777,0.0423407272851905,0.0037233456412673,0.0190708148039127,5.121956606054335,-0.01710092648331,0.0815787638793096,-0.026234614665915,0.0888689195618077,-0.0227882688229203,0.0871320091834281,-0.0402901229781104,0.1020793758772662,0.1099202780063484,0.1423694988553767,1.295206866627049,DEFER,DEFER,2.191977411461914,2.51644420289254,999,999,1095.0,0.1558375232143089,False
NSCLC-VA-tau1095,PET_radiomic_candidate_SRDO,42,0.2,114,80,"unpenalized Cox PH for censoring, H=Z=(q0,q1), Breslow baseline",0.0291619177157686,0.0366078454342808,0.0138002670634375,0.0519694960866119,0.0074459277185121,0.0381692290231744,5.126188497408784,-0.0194728334029919,0.0829850259524145,-0.0387030708475699,0.0987248691812141,-0.0252300388228677,0.0884749883536935,-0.0536100125951797,0.1119998275141561,0.1137050271765613,0.1656098401093359,1.4564865267757832,DEFER,DEFER,2.191977411461914,2.51644420289254,999,999,1095.0,0.1558375232143089,False
NSCLC-VA-tau1095,PET_radiomic_candidate_SRDO,42,0.3,114,80,"unpenalized Cox PH for censoring, H=Z=(q0,q1), Breslow baseline",0.0274334869365898,0.0386004007477189,0.004355866944775,0.0616780207395337,0.011166913811129,0.0573221537947587,5.133213595472627,-0.0218022159717511,0.0844697350088562,-0.0519531698952484,0.1098204278843235,-0.0276305598845865,0.0898995804123921,-0.0679406397483273,0.1234891980511558,0.1175301402969787,0.1914298377994832,1.628772307390874,DEFER,DEFER,2.191977411461914,2.51644420289254,999,999,1095.0,0.1558375232143089,False
NSCLC-VA-tau1095,PET_radiomic_candidate_SRDO,42,0.5,114,80,"unpenalized Cox PH for censoring, H=Z=(q0,q1), Breslow baseline",0.0241349907471237,0.0427350151735876,-0.0145108432052451,0.0813808491259566,0.0186000244264639,0.0958916923312017,5.155460559222073,-0.0263210033947275,0.0876856123340778,-0.0802604278649874,0.135382240998851,-0.0322938009573048,0.0930067009722636,-0.0989282929465108,0.150714515764001,0.1253005019295684,0.2496428087105118,1.992352822743171,DEFER,DEFER,2.191977411461914,2.51644420289254,999,999,1095.0,0.1558375232143089,False
NSCLC-VA-tau1095,PET_radiomic_candidate_SRDO,52,0.0,114,80,"unpenalized Cox PH for censoring, H=Z=(q0,q1), Breslow baseline",0.0111234816933001,0.0111234816933001,0.0111234816933001,0.0111234816933001,0.0,0.0,inf,-0.0101324848951075,0.0323794482817078,-0.0101324848951075,0.0323794482817078,-0.016716205662353,0.0389631690489532,-0.0194741460122498,0.0417211093988501,0.0556793747113062,0.0611952554111,1.0990650618544695,DEFER,DEFER,2.5670337940638803,2.8213371556553324,999,999,1095.0,0.0989593757798076,False
NSCLC-VA-tau1095,PET_radiomic_candidate_SRDO,52,0.1,114,80,"unpenalized Cox PH for censoring, H=Z=(q0,q1), Breslow baseline",0.0078890840186572,0.0144450459377733,-0.0064194464478526,0.0287535764042831,0.0065559619191161,0.0351730228521357,5.365043800754388,-0.0130590705520809,0.0360138317528954,-0.0258145810068609,0.0537367793450432,-0.0195474511067461,0.0426944436415466,-0.0343384358792355,0.0647165018866027,0.0622418947482927,0.0990549377658382,1.5914511948329668,DEFER,DEFER,2.5670337940638803,2.8213371556553324,999,999,1095.0,0.0989593757798076,False
NSCLC-VA-tau1095,PET_radiomic_candidate_SRDO,52,0.2,114,80,"unpenalized Cox PH for censoring, H=Z=(q0,q1), Breslow baseline",0.0047493182266485,0.017845364816006,-0.0238596004989361,0.0464542835415907,0.0130960465893574,0.0703138840405269,5.369092386832808,-0.0158979571767609,0.039729477131042,-0.0437877490526704,0.0763038854929299,-0.0222931448665364,0.04650775673183,-0.0525458551452243,0.0894223134294451,0.0688009015983664,0.1419681685746694,2.0634637813821923,DEFER,DEFER,2.5670337940638803,2.8213371556553324,999,999,1095.0,0.0989593757798076,False
NSCLC-VA-tau1095,PET_radiomic_candidate_SRDO,52,0.3,114,80,"unpenalized Cox PH for censoring, H=Z=(q0,q1), Breslow baseline",0.0017106750451025,0.0213151240212623,-0.0411818505817544,0.0642076496481192,0.0196044489761598,0.1053895002298737,5.375795073762785,-0.0186440097673749,0.0435140189587449,-0.0638166332429625,0.0995326899758786,-0.0249485718560135,0.0503897978136812,-0.0737642622158312,0.1150574864756662,0.0753383696696947,0.1888217486914974,2.5063158324151,DEFER,DEFER,2.5670337940638803,2.8213371556553324,999,999,1095.0,0.0989593757798076,False
NSCLC-VA-tau1095,PET_radiomic_candidate_SRDO,52,0.5,114,80,"unpenalized Cox PH for censoring, H=Z=(q0,q1), Breslow baseline",-0.0040422146771653,0.0284215787238268,-0.0754117617255109,0.0997911257721723,0.0324637934009922,0.1752028874976832,5.3968704560671705,-0.0238393561861774,0.0512337791470898,-0.1071184691922099,0.1467280693910655,-0.0299712274959518,0.0582995202908075,-0.1210530656295134,0.1673561137257438,0.0882707477867594,0.2884091793552572,3.267324528075637,DEFER,DEFER,2.5670337940638803,2.8213371556553324,999,999,1095.0,0.0989593757798076,False
NSCLC-VA-tau1095,PET_radiomic_candidate_SRDO,62,0.0,114,80,"unpenalized Cox PH for censoring, H=Z=(q0,q1), Breslow baseline",-0.0016143011736651,-0.0016143011736651,-0.0016143011736651,-0.0016143011736651,0.0,0.0,inf,-0.022851341703814,0.0196227393564837,-0.0228513417038139,0.0196227393564837,-0.0293563426672837,0.0261277403199534,-0.0327211007583255,0.0294924984109953,0.0554840829872372,0.0622135991693208,1.121287328180797,DEFER,DEFER,2.5603097619895667,2.870842892336494,999,999,1095.0,0.0242807023283028,False
NSCLC-VA-tau1095,PET_radiomic_candidate_SRDO,62,0.1,114,80,"unpenalized Cox PH for censoring, H=Z=(q0,q1), Breslow baseline",-0.0034448534110873,0.0002683344812708,-0.0146730273796089,0.0114965084497924,0.0037131878923581,0.0261695358294014,7.0477273405041005,-0.0244500914119325,0.0217582371509499,-0.0360588953278274,0.0352816116794849,-0.0308840902188487,0.0283406909242372,-0.0459978208349323,0.0463355642125831,0.0592247811430859,0.0923333850475154,1.559032946435711,DEFER,DEFER,2.5603097619895667,2.870842892336494,999,999,1095.0,0.0242807023283028,False
NSCLC-VA-tau1095,PET_radiomic_candidate_SRDO,62,0.2,114,80,"unpenalized Cox PH for censoring, H=Z=(q0,q1), Breslow baseline",-0.0052200589634263,0.0021993744986884,-0.0276901891305043,0.0246695046657664,0.0074194334621148,0.0523596937962707,7.057101335786684,-0.0260141057964589,0.0239632905732735,-0.0518512021077425,0.0529833484243677,-0.0323834157994833,0.0306296758840266,-0.063079855942995,0.0661419999515315,0.0630130916835099,0.1292218558945265,2.0507144220689453,DEFER,DEFER,2.5603097619895667,2.870842892336494,999,999,1095.0,0.0242807023283028,False
NSCLC-VA-tau1095,PET_radiomic_candidate_SRDO,62,0.3,114,80,"unpenalized Cox PH for censoring, H=Z=(q0,q1), Breslow baseline",-0.0069370823054891,0.0041747401511568,-0.0406761423645985,0.0379138002102661,0.011111822456646,0.0785899425748647,7.072642033428082,-0.0275397904570498,0.026233518842543,-0.0694575916085714,0.0719450721834877,-0.0338504925619748,0.0329902218980712,-0.0828335593604998,0.0877608566011621,0.0668407144600461,0.170594415961662,2.552253029306476,DEFER,DEFER,2.5603097619895667,2.870842892336494,999,999,1095.0,0.0242807023283028,False
NSCLC-VA-tau1095,PET_radiomic_candidate_SRDO,62,0.5,114,80,"unpenalized Cox PH for censoring, H=Z=(q0,q1), Breslow baseline",-0.0101874194693059,0.0082402588411923,-0.0665916349871629,0.0646444743590493,0.0184276783104982,0.1312361093462122,7.121684410534069,-0.0304627330805356,0.0309479929247869,-0.1073442467688162,0.1118157507325595,-0.0366731527662947,0.0379034739336543,-0.1262837246379648,0.1337382559629555,0.0745766266999491,0.2600219806009204,3.4866417550245385,DEFER,DEFER,2.5603097619895667,2.870842892336494,999,999,1095.0,0.0242807023283028,False
NSCLC-VA-tau1095,PET_radiomic_candidate_SRDO,72,0.0,114,80,"unpenalized Cox PH for censoring, H=Z=(q0,q1), Breslow baseline",-0.0212016395338039,-0.0212016395338039,-0.0212016395338039,-0.0212016395338039,0.0,0.0,inf,-0.0439789254843717,0.0015756464167638,-0.0439789254843717,0.0015756464167638,-0.0493953153474525,0.0069920362798446,-0.0517145607613355,0.0093112816937276,0.0563873516272971,0.0610258424550632,1.0822611932268975,DEFER,DEFER,2.4260392263799004,2.625608107957172,999,999,1095.0,0.0549705334726512,False
NSCLC-VA-tau1095,PET_radiomic_candidate_SRDO,72,0.1,114,80,"unpenalized Cox PH for censoring, H=Z=(q0,q1), Breslow baseline",-0.0232976678234628,-0.0189735924001068,-0.0371060138932041,-0.0051652463303654,0.0043240754233559,0.0319407675628386,7.386727666754907,-0.0452731747801099,0.0046877898436535,-0.0557391764148561,0.0249605282515882,-0.050498903313982,0.0103144159135778,-0.0620673820508001,0.0351918615679359,0.0608133192275598,0.097259243618736,1.599308257699234,DEFER,DEFER,2.4260392263799004,2.625608107957172,999,999,1095.0,0.0549705334726512,False
NSCLC-VA-tau1095,PET_radiomic_candidate_SRDO,72,0.2,114,80,"unpenalized Cox PH for censoring, H=Z=(q0,q1), Breslow baseline",-0.0252645766563912,-0.0166114362286536,-0.0528976673364592,0.0110216544514144,0.0086531404277375,0.0639193217878736,7.386835140567084,-0.046519222994605,0.0080163961101829,-0.0726075722050098,0.0499611964751228,-0.0515735324158203,0.0138728419448283,-0.0793014617113214,0.0631858666839063,0.0654463743606486,0.1424873283952277,2.1771615278493117,DEFER,DEFER,2.4260392263799004,2.625608107957172,999,999,1095.0,0.0549705334726512,False
NSCLC-VA-tau1095,PET_radiomic_candidate_SRDO,72,0.3,114,80,"unpenalized Cox PH for censoring, H=Z=(q0,q1), Breslow baseline",-0.0271059468256419,-0.0141140206385512,-0.0685957281653579,0.0273757607011647,0.0129919261870907,0.0959714888665227,7.387010015642152,-0.0477180106670282,0.0115612145309909,-0.0938359593078864,0.0758136310385761,-0.0526195153454148,0.0176667305176775,-0.1024080614823335,0.0922641291065314,0.0702862458630924,0.194672190588865,2.769705341327501,DEFER,DEFER,2.4260392263799004,2.625608107957172,999,999,1095.0,0.0549705334726512,False
NSCLC-VA-tau1095,PET_radiomic_candidate_SRDO,72,0.5,114,80,"unpenalized Cox PH for censoring, H=Z=(q0,q1), Breslow baseline",-0.0304290756272447,-0.0087142836145077,-0.0997810667666959,0.0606377075249434,0.0217147920127369,0.1604187742916394,7.38753446026767,-0.0499750545596447,0.0192856894369249,-0.1413415504269856,0.1289433731632518,-0.0546230465277485,0.0259440231177441,-0.1554563463788801,0.1521413835791954,0.0805670696454927,0.3075977299580755,3.817908871596696,DEFER,DEFER,2.4260392263799004,2.625608107957172,999,999,1095.0,0.0549705334726512,False
